file_name,extension,ID,x_start[px],y_start[px],x_end[px],y_end[px],ang_vel[deg/s]
OMEGA.2022-01-17T02:24:04.785.fits,17,1,864.0,4100.0,2096.0,3587.2,0.04766
OMEGA.2022-01-17T02:24:04.785.fits,18,2,48.0,3523.4,2096.0,2690.4,0.04784
OMEGA.2022-01-17T02:24:04.785.fits,19,3,48.0,2626.6,2096.0,1761.5,0.04804
OMEGA.2022-01-17T02:24:04.785.fits,20,4,48.0,1697.7,2096.0,864.6,0.04825
OMEGA.2022-01-17T02:24:04.785.fits,5,5,48.0,3619.5,2096.0,2786.5,0.04683
OMEGA.2022-01-17T02:24:04.785.fits,6,8,48.0,2722.7,2096.0,1857.6,0.04703
OMEGA.2022-01-17T02:24:04.785.fits,7,9,48.0,1793.8,2096.0,960.7,0.04723
OMEGA.2022-01-17T02:24:04.785.fits,8,10,48.0,896.9,2096.0,63.8,0.04742
OMEGA.2022-01-17T06:59:02.103.fits,31,2,48.0,3399.2,2096.0,2053.7,0.1375
OMEGA.2022-01-17T06:59:02.103.fits,32,3,48.0,1957.8,2096.0,580.2,0.1374
OMEGA.2022-01-19T04:27:33.607.fits,16,2,48.0,4200.0,2096.0,3431.0,0.1362
OMEGA.2022-01-19T04:27:33.607.fits,29,4,48.0,3367.2,2096.0,2630.2,0.1358
OMEGA.2022-01-19T04:27:33.607.fits,30,5,48.0,2566.4,2096.0,1829.4,0.1355
OMEGA.2022-01-19T04:27:33.607.fits,31,7,48.0,1765.6,2096.0,996.6,0.1351
OMEGA.2022-01-19T04:27:33.607.fits,32,8,48.0,964.8,2096.0,195.8,0.1347
OMEGA.2022-01-19T01:58:42.111.fits,17,1,1888.0,4100.0,880.0,0.0,0.2864
OMEGA.2022-01-19T01:58:42.111.fits,22,2,832.0,4100.0,48.0,864.8,0.2865
OMEGA.2022-01-19T01:58:42.111.fits,26,3,1840.0,4200.0,832.0,100.0,0.2865
OMEGA.2022-01-19T01:58:42.111.fits,30,5,2096.0,804.4,1920.0,100.0,0.2866
OMEGA.2022-01-19T01:58:42.111.fits,31,6,784.0,4200.0,48.0,1125.0,0.2866
OMEGA.2022-01-22T04:46:34.403.fits,1,1,1456.0,0.0,2096.0,1793.5,0.01274
OMEGA.2022-01-22T04:46:34.403.fits,11,2,208.0,100.0,1664.0,4200.0,0.01264
OMEGA.2022-01-22T04:46:34.403.fits,16,4,48.0,1157.0,1120.0,4200.0,0.0126
OMEGA.2022-01-22T04:46:34.403.fits,6,7,880.0,0.0,2096.0,3427.1,0.01269
OMEGA.2022-01-22T04:46:34.403.fits,7,8,48.0,3651.6,192.0,4100.0,0.01266
OMEGA.2022-01-22T03:14:15.347.fits,30,1,1552.0,1949.3,2096.0,1957.6,0.004619
OMEGA.2022-01-22T03:14:15.347.fits,31,2,48.0,1957.8,2096.0,2085.7,0.004619
OMEGA.2022-01-22T03:14:15.347.fits,32,3,48.0,2053.9,1344.0,2138.2,0.004619
OMEGA.2022-01-22T01:02:06.275.fits,13,1,544.0,4200.0,336.0,100.0,0.4092
OMEGA.2022-01-22T01:02:06.275.fits,9,10,320.0,4200.0,128.0,100.0,0.4095
OMEGA.2022-01-22T08:05:58.167.fits,28,1,1840.0,4200.0,2096.0,2982.6,0.2754
OMEGA.2022-01-22T08:05:58.167.fits,32,2,928.0,4200.0,1760.0,100.0,0.276
OMEGA.2022-01-22T03:12:31.027.fits,15,1,880.0,1586.5,2096.0,1637.2,0.004619
OMEGA.2022-01-22T03:12:31.027.fits,16,2,48.0,1637.5,2096.0,1765.4,0.004619
OMEGA.2022-01-22T03:12:31.027.fits,29,3,48.0,1733.6,688.0,1775.6,0.004619
OMEGA.2022-01-22T03:10:45.887.fits,13,1,48.0,1317.2,2096.0,1445.1,0.004619
OMEGA.2022-01-03T08:01:32.026.fits,13,1,1952.0,4200.0,2096.0,3431.0,0.3884
OMEGA.2022-01-03T08:01:32.026.fits,14,2,48.0,2854.7,544.0,100.0,0.3879
OMEGA.2022-01-03T08:01:32.026.fits,3,3,48.0,4003.9,768.0,0.0,0.385
OMEGA.2022-01-03T08:01:32.026.fits,6,4,1360.0,4100.0,2096.0,63.8,0.3861
OMEGA.2022-01-03T01:18:01.318.fits,19,1,1360.0,4100.0,48.0,256.2,0.479
OMEGA.2022-01-03T01:18:01.318.fits,23,2,2096.0,1793.5,1472.0,0.0,0.4791
OMEGA.2022-01-03T01:18:01.318.fits,24,3,752.0,4100.0,48.0,2050.0,0.4791
OMEGA.2022-01-03T01:18:01.318.fits,28,4,2096.0,4007.6,768.0,100.0,0.4792
OMEGA.2022-01-03T01:11:55.387.fits,24,1,1536.0,4100.0,2096.0,3202.9,0.7213
OMEGA.2022-01-03T01:11:55.387.fits,27,2,1120.0,4200.0,2096.0,2630.2,0.7202
OMEGA.2022-01-03T01:11:55.387.fits,28,3,48.0,2470.3,1520.0,100.0,0.7208
OMEGA.2022-01-03T01:11:55.387.fits,30,4,496.0,4200.0,2096.0,1637.2,0.719
OMEGA.2022-01-03T04:26:59.650.fits,29,7,48.0,772.7,2096.0,420.1,0.004661
OMEGA.2022-01-03T04:26:59.650.fits,30,8,48.0,388.3,1776.0,100.0,0.004661
OMEGA.2022-01-03T00:33:56.321.fits,28,1,1472.0,3581.6,2096.0,3591.2,0.004768
OMEGA.2022-01-16T01:33:46.593.fits,16,1,224.0,4200.0,2096.0,3495.1,0.05531
OMEGA.2022-01-16T01:33:46.593.fits,29,2,48.0,3431.2,2096.0,2630.2,0.0555
OMEGA.2022-01-16T01:33:46.593.fits,30,3,48.0,2598.4,2096.0,1797.4,0.05569
OMEGA.2022-01-16T01:33:46.593.fits,31,4,48.0,1733.6,2096.0,964.6,0.05589
OMEGA.2022-01-16T01:33:46.593.fits,32,5,48.0,900.8,2096.0,100.0,0.05608
OMEGA.2022-01-16T01:11:56.269.fits,17,1,48.0,2146.1,1856.0,4100.0,0.7208
OMEGA.2022-01-16T01:11:56.269.fits,22,2,48.0,0.0,2096.0,2113.8,0.7212
OMEGA.2022-01-16T01:11:56.269.fits,23,3,48.0,2178.1,1872.0,4100.0,0.7215
OMEGA.2022-01-16T01:11:56.269.fits,27,4,1904.0,100.0,2096.0,291.9,0.7216
OMEGA.2022-01-16T01:11:56.269.fits,28,6,48.0,356.2,2096.0,2534.1,0.7219
OMEGA.2022-01-16T01:11:56.269.fits,4,7,48.0,0.0,2096.0,2081.8,0.7205
OMEGA.2022-01-16T01:05:51.698.fits,4,1,1840.0,4100.0,1760.0,0.0,0.3302
OMEGA.2022-01-16T01:05:51.698.fits,8,2,1904.0,3776.7,1840.0,0.0,0.3299
OMEGA.2022-01-25T05:20:54.592.fits,17,1,48.0,288.3,1424.0,0.0,0.004759
OMEGA.2022-01-25T05:20:54.592.fits,3,2,1088.0,977.2,2096.0,800.5,0.004758
OMEGA.2022-01-25T05:20:54.592.fits,4,3,48.0,736.7,2096.0,320.1,0.004758
OMEGA.2022-01-25T05:14:50.021.fits,1,1,48.0,2242.2,2096.0,1857.6,0.004758
OMEGA.2022-01-25T03:07:35.539.fits,13,3,48.0,3719.5,2096.0,3719.3,0.0316
OMEGA.2022-01-25T03:07:35.539.fits,14,4,48.0,3687.5,2096.0,3719.3,0.0316
OMEGA.2022-01-25T03:07:35.539.fits,15,5,48.0,3687.5,2096.0,3719.3,0.0316
OMEGA.2022-01-25T03:07:35.539.fits,16,6,48.0,3687.5,2096.0,3687.2,0.0316
OMEGA.2022-01-25T03:07:35.539.fits,29,8,48.0,3655.5,2096.0,3687.2,0.0316
OMEGA.2022-01-25T03:07:35.539.fits,30,10,48.0,3655.5,2096.0,3687.2,0.03159
OMEGA.2022-01-25T03:07:35.539.fits,31,11,48.0,3655.5,672.0,3633.2,0.03159
OMEGA.2022-01-25T04:21:27.262.fits,6,9,48.0,2498.4,2096.0,2466.2,0.00344
OMEGA.2022-01-25T08:14:19.571.fits,10,1,48.0,1861.7,2096.0,1381.0,0.004698
OMEGA.2022-01-25T08:14:19.571.fits,11,2,48.0,1317.2,2096.0,836.5,0.004698
OMEGA.2022-01-25T08:14:19.571.fits,12,3,48.0,772.7,1168.0,501.9,0.004698
OMEGA.2022-01-25T08:14:19.571.fits,9,4,48.0,2406.3,2096.0,1925.5,0.004698
OMEGA.2022-01-25T03:47:54.466.fits,7,1,48.0,3971.9,2096.0,3459.1,0.006441
OMEGA.2022-01-25T08:21:04.122.fits,22,4,48.0,3331.2,2096.0,2818.5,0.004699
OMEGA.2022-01-25T08:21:04.122.fits,23,6,48.0,2786.7,2096.0,2274.0,0.004699
OMEGA.2022-01-25T08:21:04.122.fits,24,8,48.0,2242.2,2096.0,1729.4,0.004699
OMEGA.2022-01-25T03:49:39.317.fits,23,1,48.0,1697.7,2096.0,1152.9,0.00633
OMEGA.2022-01-25T03:49:39.317.fits,24,2,48.0,1121.1,2096.0,576.3,0.006303
OMEGA.2022-01-04T01:17:13.178.astred.cal.fits,18,2,688.0,0.0,400.0,4100.0,0.7383
OMEGA.2022-01-04T01:17:13.178.astred.cal.fits,22,3,384.0,0.0,112.0,4100.0,0.7376
OMEGA.2022-01-04T01:17:13.178.astred.cal.fits,25,4,2096.0,2470.1,1984.0,4200.0,0.7368
OMEGA.2022-01-04T01:17:13.178.astred.cal.fits,29,6,1952.0,100.0,1680.0,4200.0,0.7362
OMEGA.2022-01-04T03:08:57.016.astred.cal.fits,13,2,48.0,260.2,2096.0,420.1,0.004651
OMEGA.2022-01-04T03:08:57.016.astred.cal.fits,14,3,48.0,388.3,2096.0,580.2,0.00465
OMEGA.2022-01-04T03:08:57.016.astred.cal.fits,15,6,48.0,548.4,2096.0,708.3,0.00465
OMEGA.2022-01-04T03:08:57.016.astred.cal.fits,16,7,48.0,676.6,2096.0,836.5,0.00465
OMEGA.2022-01-04T03:08:57.016.astred.cal.fits,22,8,48.0,1778.0,2096.0,1901.0,0.004683
OMEGA.2022-01-04T03:08:57.016.astred.cal.fits,23,9,48.0,1905.0,2096.0,2024.0,0.004682
OMEGA.2022-01-04T03:08:57.016.astred.cal.fits,24,10,48.0,2031.0,2096.0,2145.8,0.004682
OMEGA.2022-01-04T03:08:57.016.astred.cal.fits,6,18,469.0,1306.0,2096.0,1401.0,0.004683
OMEGA.2022-01-04T03:08:57.016.astred.cal.fits,7,20,48.0,1410.0,2096.0,1526.0,0.004683
OMEGA.2022-01-04T03:08:57.016.astred.cal.fits,8,24,48.0,1529.0,2096.0,1646.0,0.004683
OMEGA.2022-01-04T03:15:01.467.astred.cal.fits,31,3,48.0,1060.9,2096.0,1220.8,0.00465
OMEGA.2022-01-04T01:49:30.183.astred.cal.fits,22,1,48.0,416.4,2096.0,576.3,0.4325
OMEGA.2022-01-04T01:49:30.183.astred.cal.fits,23,2,48.0,544.5,2096.0,736.5,0.4319
OMEGA.2022-01-04T01:49:30.183.astred.cal.fits,24,3,48.0,704.7,2096.0,864.6,0.4313
OMEGA.2022-01-04T01:49:30.183.astred.cal.fits,7,4,48.0,0.0,2096.0,127.9,0.4344
OMEGA.2022-01-04T01:49:30.183.astred.cal.fits,8,5,48.0,96.1,2096.0,288.0,0.4338
OMEGA.2022-01-04T01:11:08.716.astred.cal.fits,10,2,48.0,708.6,720.0,100.0,0.02266
OMEGA.2022-01-04T01:11:08.716.astred.cal.fits,17,5,48.0,3491.4,2096.0,1665.4,0.02259
OMEGA.2022-01-04T01:11:08.716.astred.cal.fits,18,6,48.0,1601.6,1840.0,0.0,0.02258
OMEGA.2022-01-04T01:11:08.716.astred.cal.fits,4,7,1504.0,4100.0,2096.0,3587.2,0.02261
OMEGA.2022-01-04T01:11:08.716.astred.cal.fits,6,8,848.0,4100.0,2096.0,2946.6,0.02265
OMEGA.2022-01-04T01:11:08.716.astred.cal.fits,6,9,736.0,4100.0,2096.0,2946.6,0.02265
OMEGA.2022-01-04T01:11:08.716.astred.cal.fits,7,10,48.0,2850.8,2096.0,1056.8,0.02264
OMEGA.2022-01-04T01:11:08.716.astred.cal.fits,8,11,48.0,928.9,1120.0,0.0,0.02262
OMEGA.2022-01-04T01:11:08.716.astred.cal.fits,9,12,48.0,2630.5,2096.0,804.4,0.02267
OMEGA.2022-01-09T00:57:12.382.fits,10,1,48.0,2982.8,2096.0,3366.9,0.1173
OMEGA.2022-01-09T00:57:12.382.fits,11,2,48.0,3367.2,2096.0,3751.3,0.117
OMEGA.2022-01-09T00:57:12.382.fits,12,3,48.0,3751.6,2096.0,4135.7,0.1168
OMEGA.2022-01-09T00:57:12.382.fits,25,4,48.0,4135.9,336.0,4200.0,0.1166
OMEGA.2022-01-09T00:57:12.382.fits,30,5,192.0,100.0,2096.0,452.1,0.1163
OMEGA.2022-01-09T00:57:12.382.fits,31,6,48.0,420.3,2096.0,804.4,0.1161
OMEGA.2022-01-09T00:57:12.382.fits,32,7,48.0,804.7,2096.0,1188.8,0.1159
OMEGA.2022-01-09T00:57:12.382.fits,9,9,48.0,2630.5,2096.0,3014.6,0.1175
OMEGA.2022-01-09T01:31:30.618.fits,17,1,464.0,0.0,2096.0,2882.6,0.3396
OMEGA.2022-01-09T01:31:30.618.fits,22,3,848.0,0.0,2096.0,2209.9,0.34
OMEGA.2022-01-09T01:31:30.618.fits,27,5,1056.0,100.0,2096.0,1925.5,0.3402
OMEGA.2022-01-09T01:31:30.618.fits,28,6,48.0,2085.9,1232.0,4200.0,0.3404
OMEGA.2022-01-09T01:31:30.618.fits,32,7,1440.0,100.0,2096.0,1284.9,0.3405
OMEGA.2022-01-26T08:07:16.556.fits,31,1,1760.0,4200.0,2096.0,3623.2,0.4197
OMEGA.2022-01-26T08:07:16.556.fits,32,2,48.0,3431.2,1888.0,100.0,0.4187
OMEGA.2022-01-26T04:12:07.539.fits,13,3,48.0,2278.1,2096.0,2053.7,0.005971
OMEGA.2022-01-26T04:12:07.539.fits,14,4,48.0,2021.9,2096.0,1797.4,0.005952
OMEGA.2022-01-26T04:12:07.539.fits,15,5,48.0,1765.6,2096.0,1541.2,0.005932
OMEGA.2022-01-26T04:12:07.539.fits,16,7,48.0,1509.4,2096.0,1284.9,0.005913
OMEGA.2022-01-26T04:12:07.539.fits,29,11,48.0,1253.1,2096.0,1028.7,0.005894
OMEGA.2022-01-26T04:12:07.539.fits,30,12,48.0,964.8,2096.0,740.4,0.005875
OMEGA.2022-01-26T04:12:07.539.fits,31,13,48.0,708.6,2096.0,484.1,0.005856
OMEGA.2022-01-26T04:12:07.539.fits,32,15,48.0,452.3,2096.0,227.9,0.005837
OMEGA.2022-01-26T01:17:51.352.fits,10,1,48.0,2854.7,2096.0,2470.1,0.09944
OMEGA.2022-01-26T01:17:51.352.fits,11,2,48.0,2438.3,2096.0,2053.7,0.09954
OMEGA.2022-01-26T01:17:51.352.fits,12,3,48.0,2021.9,2096.0,1637.2,0.09965
OMEGA.2022-01-26T01:17:51.352.fits,25,5,48.0,1605.5,2096.0,1220.8,0.09975
OMEGA.2022-01-26T01:17:51.352.fits,26,6,48.0,1189.1,2096.0,836.5,0.09986
OMEGA.2022-01-26T01:17:51.352.fits,27,7,48.0,772.7,2096.0,420.1,0.09996
OMEGA.2022-01-26T01:17:51.352.fits,9,9,48.0,3239.1,2096.0,2886.5,0.09933
OMEGA.2022-01-26T03:29:32.063.fits,13,1,48.0,3623.4,2096.0,3655.2,0.03159
OMEGA.2022-01-26T03:29:32.063.fits,14,2,48.0,3623.4,2096.0,3655.2,0.03159
OMEGA.2022-01-26T03:29:32.063.fits,15,3,48.0,3655.5,2096.0,3687.2,0.03159
OMEGA.2022-01-26T03:29:32.063.fits,16,4,48.0,3655.5,2096.0,3687.2,0.03159
OMEGA.2022-01-26T03:29:32.063.fits,29,5,48.0,3655.5,2096.0,3719.3,0.03159
OMEGA.2022-01-26T03:29:32.063.fits,30,6,48.0,3687.5,2096.0,3719.3,0.03159
OMEGA.2022-01-26T03:29:32.063.fits,31,7,48.0,3687.5,2096.0,3751.3,0.0316
OMEGA.2022-01-26T03:29:32.063.fits,32,8,48.0,3719.5,2096.0,3751.3,0.0316
OMEGA.2022-01-26T03:47:46.116.fits,15,3,48.0,644.5,2096.0,772.4,0.004622
OMEGA.2022-01-26T03:47:46.116.fits,29,5,48.0,868.8,448.0,907.0,0.004622
OMEGA.2022-01-27T01:15:52.153.fits,13,2,48.0,2021.9,2096.0,3911.5,0.5611
OMEGA.2022-01-27T00:46:55.409.fits,31,2,48.0,4071.9,2096.0,3719.3,0.1039
OMEGA.2022-01-27T00:46:55.409.fits,32,3,48.0,3655.5,2096.0,3302.9,0.104
OMEGA.2022-01-27T01:21:56.444.fits,20,11,1040.0,4100.0,48.0,288.3,0.2787
OMEGA.2022-01-27T01:21:56.444.fits,24,14,2096.0,3715.4,1120.0,0.0,0.2788
OMEGA.2022-01-27T03:55:20.289.fits,13,1,48.0,2085.9,2096.0,2149.7,0.0314
OMEGA.2022-01-27T03:55:20.289.fits,14,2,48.0,2118.0,2096.0,2181.8,0.0314
OMEGA.2022-01-27T03:55:20.289.fits,15,3,48.0,2150.0,2096.0,2213.8,0.03141
OMEGA.2022-01-27T03:55:20.289.fits,16,4,48.0,2182.0,2096.0,2245.8,0.03141
OMEGA.2022-01-27T03:55:20.289.fits,29,5,48.0,2214.1,2096.0,2277.9,0.03142
OMEGA.2022-01-27T03:55:20.289.fits,30,6,48.0,2278.1,2096.0,2341.9,0.03142
OMEGA.2022-01-27T03:55:20.289.fits,31,7,48.0,2310.2,2096.0,2374.0,0.03142
OMEGA.2022-01-27T03:55:20.289.fits,32,8,48.0,2342.2,2096.0,2406.0,0.03143
OMEGA.2022-01-27T01:09:47.582.fits,10,1,48.0,2598.4,2096.0,1637.2,0.09759
OMEGA.2022-01-27T01:09:47.582.fits,11,3,48.0,1573.4,2096.0,612.2,0.098
OMEGA.2022-01-27T01:09:47.582.fits,20,7,1808.0,4100.0,2096.0,3971.6,0.1002
OMEGA.2022-01-27T01:09:47.582.fits,22,8,48.0,2530.5,2096.0,1569.3,0.09925
OMEGA.2022-01-27T01:09:47.582.fits,23,10,48.0,1505.5,2096.0,544.3,0.09966
OMEGA.2022-01-27T01:09:47.582.fits,24,11,48.0,480.5,1040.0,0.0,0.09991
OMEGA.2022-01-27T01:09:47.582.fits,8,15,1072.0,4100.0,2096.0,3619.3,0.09844
OMEGA.2022-01-27T01:09:47.582.fits,9,16,48.0,3623.4,2096.0,2662.2,0.09718
OMEGA.2022-01-27T04:01:24.760.fits,1,1,48.0,2562.5,2096.0,2946.6,0.003777
OMEGA.2022-01-27T04:01:24.760.fits,2,4,48.0,2946.9,2096.0,3363.0,0.003783
OMEGA.2022-01-27T04:01:24.760.fits,22,5,48.0,96.1,2096.0,512.2,0.00381
OMEGA.2022-01-27T04:01:24.760.fits,23,6,48.0,512.5,2096.0,928.7,0.003816
OMEGA.2022-01-27T04:01:24.760.fits,3,7,48.0,3363.3,2096.0,3779.4,0.00379
OMEGA.2022-01-27T04:01:24.760.fits,4,8,48.0,3747.7,1840.0,4100.0,0.003795
OMEGA.2022-02-01T01:19:35.475.fits,13,1,1200.0,100.0,2096.0,388.0,0.4574
OMEGA.2022-02-01T01:19:35.475.fits,14,2,48.0,356.3,2096.0,996.6,0.4585
OMEGA.2022-02-01T01:19:35.475.fits,15,3,48.0,996.9,2096.0,1637.2,0.4598
OMEGA.2022-02-01T01:19:35.475.fits,16,4,48.0,1637.5,2096.0,2277.9,0.461
OMEGA.2022-02-01T01:19:35.475.fits,29,9,48.0,2278.1,2096.0,2918.5,0.4622
OMEGA.2022-02-01T01:19:35.475.fits,30,12,48.0,2918.8,2096.0,3559.1,0.4635
OMEGA.2022-02-01T01:19:35.475.fits,31,13,48.0,3559.4,2096.0,4200.0,0.4644
OMEGA.2022-02-01T02:47:28.440.fits,13,1,48.0,3815.6,2096.0,3847.4,0.03161
OMEGA.2022-02-01T02:47:28.440.fits,14,2,48.0,3815.6,2096.0,3847.4,0.03161
OMEGA.2022-02-01T02:47:28.440.fits,15,3,48.0,3783.6,2096.0,3815.4,0.03161
OMEGA.2022-02-01T02:47:28.440.fits,16,4,48.0,3783.6,2096.0,3815.4,0.03161
OMEGA.2022-02-01T02:47:28.440.fits,29,5,48.0,3783.6,2096.0,3815.4,0.03161
OMEGA.2022-02-01T02:47:28.440.fits,30,6,48.0,3783.6,2096.0,3815.4,0.0316
OMEGA.2022-02-01T02:47:28.440.fits,31,7,48.0,3783.6,2096.0,3783.3,0.0316
OMEGA.2022-02-01T02:47:28.440.fits,32,8,48.0,3783.6,2096.0,3783.3,0.0316
OMEGA.2022-02-01T01:13:30.954.fits,2,6,48.0,1249.2,2096.0,3523.2,0.09764
OMEGA.2022-02-01T01:13:30.954.fits,25,7,416.0,100.0,2096.0,1925.5,0.097
OMEGA.2022-02-01T01:13:30.954.fits,26,8,48.0,1989.8,2096.0,4200.0,0.09687
OMEGA.2022-02-01T01:13:30.954.fits,3,9,48.0,3587.5,512.0,4100.0,0.09748
OMEGA.2022-02-01T01:13:30.954.fits,31,10,256.0,100.0,2096.0,2085.7,0.09662
OMEGA.2022-02-01T01:13:30.954.fits,32,11,48.0,2182.0,1904.0,4200.0,0.09647
OMEGA.2022-02-01T01:13:30.954.fits,5,12,2096.0,3138.8,640.0,0.0,0.477
OMEGA.2022-02-01T01:13:30.954.fits,7,14,848.0,0.0,2096.0,1345.1,0.09737
OMEGA.2022-02-01T01:13:30.954.fits,8,15,48.0,1409.4,2096.0,3651.3,0.09726
OMEGA.2022-02-01T01:38:14.148.fits,17,2,640.0,4100.0,544.0,0.0,0.2189
OMEGA.2022-02-01T01:38:14.148.fits,25,4,848.0,4200.0,752.0,100.0,0.2204
OMEGA.2022-02-01T01:38:14.148.fits,29,6,944.0,4200.0,848.0,100.0,0.2211
OMEGA.2022-01-13T00:46:07.341.astred.cal.fits,10,1,48.0,3751.6,2096.0,2662.2,0.00638
OMEGA.2022-01-13T00:46:07.341.astred.cal.fits,11,2,48.0,2598.4,2096.0,1509.1,0.006409
OMEGA.2022-01-13T00:46:07.341.astred.cal.fits,12,3,48.0,1413.3,2096.0,356.0,0.006438
OMEGA.2022-01-13T00:46:07.341.astred.cal.fits,13,4,48.0,452.3,672.0,100.0,0.00634
OMEGA.2022-01-13T00:46:07.341.astred.cal.fits,22,5,48.0,3171.1,2096.0,2081.8,0.006496
OMEGA.2022-01-13T00:46:07.341.astred.cal.fits,23,6,48.0,2018.0,2096.0,928.7,0.006526
OMEGA.2022-01-13T00:46:07.341.astred.cal.fits,24,7,48.0,832.8,1632.0,0.0,0.006551
OMEGA.2022-01-13T00:46:07.341.astred.cal.fits,9,9,1360.0,4200.0,2096.0,3815.4,0.006358
OMEGA.2022-01-13T02:16:30.627.astred.cal.fits,17,2,48.0,3683.6,2096.0,3619.3,0.02998
OMEGA.2022-01-13T02:16:30.627.astred.cal.fits,18,3,48.0,3587.5,2096.0,3523.2,0.02997
OMEGA.2022-01-13T02:16:30.627.astred.cal.fits,19,4,48.0,3491.4,2096.0,3427.1,0.02996
OMEGA.2022-01-13T02:16:30.627.astred.cal.fits,2,5,48.0,3971.9,2096.0,3907.6,0.03002
OMEGA.2022-01-13T02:16:30.627.astred.cal.fits,20,6,48.0,3395.3,2096.0,3331.0,0.02994
OMEGA.2022-01-13T02:16:30.627.astred.cal.fits,3,7,48.0,3875.8,2096.0,3811.5,0.03001
OMEGA.2022-01-13T02:16:30.627.astred.cal.fits,4,8,48.0,3779.7,2096.0,3715.4,0.02999
OMEGA.2022-01-13T02:34:44.599.astred.cal.fits,22,1,48.0,3267.2,2096.0,3202.9,0.03049
OMEGA.2022-01-13T02:34:44.599.astred.cal.fits,22,2,48.0,3363.3,2096.0,3331.0,0.03049
OMEGA.2022-01-13T02:34:44.599.astred.cal.fits,22,3,48.0,1621.0,2096.0,1741.0,0.004682
OMEGA.2022-01-13T02:34:44.599.astred.cal.fits,23,4,48.0,3299.2,2096.0,3234.9,0.03048
OMEGA.2022-01-13T02:34:44.599.astred.cal.fits,23,5,48.0,3171.1,2096.0,3106.8,0.03044
OMEGA.2022-01-13T02:34:44.599.astred.cal.fits,23,6,48.0,1747.0,2096.0,1863.0,0.004682
OMEGA.2022-01-13T02:34:44.599.astred.cal.fits,24,7,48.0,1871.0,2096.0,1986.0,0.004682
OMEGA.2022-01-13T02:34:44.599.astred.cal.fits,24,8,48.0,3075.0,2096.0,3042.7,0.03047
OMEGA.2022-01-13T02:34:44.599.astred.cal.fits,24,9,48.0,3203.1,2096.0,3170.8,0.03047
OMEGA.2022-01-13T02:34:44.599.astred.cal.fits,5,10,48.0,3811.7,2096.0,3747.4,0.03055
OMEGA.2022-01-13T02:34:44.599.astred.cal.fits,5,11,48.0,3683.6,2096.0,3619.3,0.0305
OMEGA.2022-01-13T02:34:44.599.astred.cal.fits,6,12,48.0,3715.6,2096.0,3651.3,0.03054
OMEGA.2022-01-13T02:34:44.599.astred.cal.fits,7,13,48.0,3491.4,2096.0,3459.1,0.03053
OMEGA.2022-01-13T02:34:44.599.astred.cal.fits,7,14,48.0,3619.5,2096.0,3587.2,0.03053
OMEGA.2022-01-13T02:34:44.599.astred.cal.fits,8,15,48.0,3427.3,2096.0,3363.0,0.03052
OMEGA.2022-01-13T02:34:44.599.astred.cal.fits,8,16,48.0,3523.4,2096.0,3491.2,0.03052
OMEGA.2022-01-13T02:28:39.808.astred.cal.fits,1,1,48.0,192.2,528.0,0.0,0.02948
OMEGA.2022-01-13T02:28:39.808.astred.cal.fits,17,2,48.0,1153.1,2096.0,1345.1,0.004703
OMEGA.2022-01-13T02:28:39.808.astred.cal.fits,18,3,48.0,1313.3,2096.0,1505.2,0.004703
OMEGA.2022-01-13T02:28:39.808.astred.cal.fits,19,4,48.0,1473.4,2096.0,1633.3,0.004703
OMEGA.2022-01-13T02:28:39.808.astred.cal.fits,2,5,48.0,736.7,2096.0,896.6,0.004704
OMEGA.2022-01-13T02:28:39.808.astred.cal.fits,20,6,48.0,1601.6,2096.0,1793.5,0.004703
OMEGA.2022-01-13T02:28:39.808.astred.cal.fits,3,7,48.0,864.8,2096.0,1056.8,0.004703
OMEGA.2022-01-13T02:28:39.808.astred.cal.fits,4,8,48.0,1025.0,2096.0,1184.9,0.004703
OMEGA.2022-01-13T02:28:39.808.astred.cal.fits,5,9,48.0,1138.0,2096.0,1258.0,0.004682
OMEGA.2022-01-13T02:28:39.808.astred.cal.fits,6,10,48.0,1261.0,2096.0,1379.0,0.004682
OMEGA.2022-01-13T02:28:39.808.astred.cal.fits,7,11,48.0,1387.0,2096.0,1504.0,0.004682
OMEGA.2022-01-13T02:28:39.808.astred.cal.fits,8,12,48.0,1508.0,435.0,1530.0,0.004682
OMEGA.2022-01-13T06:35:33.321.astred.cal.fits,17,1,48.0,3171.1,2096.0,2818.5,0.004797
OMEGA.2022-01-13T06:35:33.321.astred.cal.fits,18,3,48.0,2786.7,1392.0,2551.5,0.004797
OMEGA.2022-01-13T06:35:33.321.astred.cal.fits,3,9,48.0,4003.9,2096.0,3651.3,0.004797
OMEGA.2022-01-13T06:35:33.321.astred.cal.fits,5,13,48.0,352.3,2000.0,0.0,0.004796
OMEGA.2022-01-08T04:30:31.115.astred.cal.fits,22,2,48.0,960.9,2096.0,1120.8,0.00239
OMEGA.2022-01-08T04:30:31.115.astred.cal.fits,23,3,48.0,1121.1,2096.0,1281.0,0.002392
OMEGA.2022-01-08T04:30:31.115.astred.cal.fits,24,4,48.0,1281.2,2096.0,1441.2,0.002394
OMEGA.2022-01-08T04:30:31.115.astred.cal.fits,7,6,1792.0,635.9,2096.0,672.4,0.002385
OMEGA.2022-01-08T04:30:31.115.astred.cal.fits,8,7,48.0,640.6,2096.0,832.6,0.002386
OMEGA.2022-01-08T02:47:50.119.astred.cal.fits,5,1,48.0,995.0,2096.0,1112.0,0.004683
OMEGA.2022-01-08T07:33:36.496.astred.cal.fits,6,9,48.0,2850.8,2096.0,3074.7,0.002327
OMEGA.2022-01-08T08:08:42.272.astred.cal.fits,15,1,48.0,2438.3,2096.0,452.1,0.3103
OMEGA.2022-01-08T08:08:42.272.astred.cal.fits,20,2,784.0,4100.0,2096.0,2818.5,0.3052
OMEGA.2022-01-08T08:08:42.272.astred.cal.fits,22,3,544.0,4100.0,2096.0,2594.3,0.3073
OMEGA.2022-01-08T08:08:42.272.astred.cal.fits,23,4,48.0,2466.4,2096.0,480.2,0.3063
OMEGA.2022-01-08T08:08:42.272.astred.cal.fits,24,5,48.0,352.3,416.0,0.0,0.3058
OMEGA.2022-01-08T07:39:40.827.astred.cal.fits,14,1,144.0,3753.1,2096.0,4007.6,0.004426
OMEGA.2022-01-08T07:39:40.827.astred.cal.fits,15,2,48.0,3975.8,2096.0,4200.0,0.004417
OMEGA.2022-01-08T02:53:55.149.astred.cal.fits,22,1,48.0,1748.0,2096.0,1869.0,0.004682
OMEGA.2022-01-08T02:53:55.149.astred.cal.fits,23,2,48.0,1878.0,2096.0,1994.0,0.004682
OMEGA.2022-01-08T02:53:55.149.astred.cal.fits,24,3,48.0,2001.0,2096.0,2116.0,0.004682
OMEGA.2022-01-08T04:24:26.654.astred.cal.fits,5,3,48.0,256.3,2096.0,448.2,0.002381
OMEGA.2022-01-08T04:24:26.654.astred.cal.fits,6,4,48.0,416.4,2096.0,576.3,0.002383
OMEGA.2022-01-08T03:57:58.470.astred.cal.fits,14,2,48.0,2502.3,2096.0,2341.9,0.004772
OMEGA.2022-01-08T03:57:58.470.astred.cal.fits,15,3,48.0,2310.2,2096.0,2117.7,0.004772
OMEGA.2022-01-08T03:57:58.470.astred.cal.fits,16,4,48.0,2085.9,432.0,2027.9,0.004772
OMEGA.2022-01-11T06:44:58.104.fits,10,1,832.0,4200.0,1280.0,100.0,0.1222
OMEGA.2022-01-11T06:44:58.104.fits,14,2,336.0,4200.0,784.0,100.0,0.1222
OMEGA.2022-01-11T06:44:58.104.fits,2,3,1776.0,4100.0,2096.0,1184.9,0.1224
OMEGA.2022-01-11T06:44:58.104.fits,6,5,1296.0,4100.0,1728.0,0.0,0.1223
OMEGA.2022-01-11T08:06:27.669.fits,20,1,688.0,4100.0,912.0,0.0,0.3046
OMEGA.2022-01-11T08:06:27.669.fits,24,2,432.0,4100.0,656.0,0.0,0.3053
OMEGA.2022-01-11T08:06:27.669.fits,28,3,176.0,4200.0,416.0,100.0,0.3061
OMEGA.2022-01-11T07:04:39.488.fits,11,1,592.0,100.0,2096.0,2790.4,0.01152
OMEGA.2022-01-11T07:04:39.488.fits,12,3,48.0,2918.8,752.0,4200.0,0.01151
OMEGA.2022-01-11T07:04:39.488.fits,16,6,944.0,100.0,2096.0,2149.7,0.01151
OMEGA.2022-01-11T07:04:39.488.fits,29,8,48.0,2278.1,1120.0,4200.0,0.01151
OMEGA.2022-01-11T07:04:39.488.fits,7,10,48.0,3171.1,560.0,4100.0,0.01152
OMEGA.2022-01-28T05:37:58.824.fits,22,1,432.0,3529.4,2096.0,3138.8,0.004612
OMEGA.2022-01-28T05:37:58.824.fits,23,2,48.0,3075.0,2096.0,2594.3,0.004613
OMEGA.2022-01-28T04:04:03.968.fits,24,7,1152.0,4100.0,2096.0,1377.1,0.03823
OMEGA.2022-01-28T04:04:03.968.fits,28,11,48.0,3239.1,1136.0,100.0,0.03832
OMEGA.2022-01-28T00:48:51.656.fits,24,1,224.0,4100.0,2096.0,736.5,0.6718
OMEGA.2022-01-28T00:48:51.656.fits,27,2,48.0,4200.0,2096.0,580.2,0.6699
OMEGA.2022-01-28T00:48:51.656.fits,29,4,1888.0,4200.0,2096.0,3847.4,0.6669
OMEGA.2022-01-28T00:48:51.656.fits,30,5,48.0,3655.5,2016.0,100.0,0.6679
OMEGA.2022-01-28T06:25:57.762.fits,32,3,976.0,4200.0,2096.0,2630.2,0.009877
OMEGA.2022-01-28T03:04:55.278.fits,10,1,48.0,2694.5,2096.0,2149.7,0.006097
OMEGA.2022-01-28T03:04:55.278.fits,11,2,48.0,2085.9,2096.0,1541.2,0.006076
OMEGA.2022-01-28T03:04:55.278.fits,9,5,48.0,3303.1,2096.0,2758.3,0.006123
OMEGA.2022-01-28T01:14:00.010.fits,25,6,1696.0,4200.0,752.0,100.0,0.292
OMEGA.2022-01-28T01:14:00.010.fits,29,8,2096.0,1477.1,1776.0,100.0,0.292
OMEGA.2022-01-28T01:14:00.010.fits,30,9,592.0,4200.0,48.0,1829.7,0.292
OMEGA.2022-01-28T01:14:00.010.fits,4,10,1840.0,4100.0,880.0,0.0,0.292
OMEGA.2022-01-28T01:14:00.010.fits,8,12,2096.0,704.4,1936.0,0.0,0.292
OMEGA.2022-01-28T01:32:13.553.fits,12,2,1120.0,4200.0,48.0,612.5,0.1352
OMEGA.2022-01-28T01:32:13.553.fits,16,4,2096.0,2918.5,1232.0,100.0,0.1354
OMEGA.2022-01-28T01:32:13.553.fits,2,5,2096.0,1857.6,1520.0,0.0,0.1344
OMEGA.2022-01-28T01:32:13.553.fits,29,7,336.0,4200.0,48.0,3175.0,0.1356
OMEGA.2022-01-28T01:32:13.553.fits,3,8,640.0,4100.0,48.0,2114.1,0.1346
OMEGA.2022-01-28T01:32:13.553.fits,7,9,2000.0,4100.0,736.0,0.0,0.1348
OMEGA.2022-01-28T01:58:56.878.fits,11,3,880.0,4200.0,512.0,100.0,0.2417
OMEGA.2022-01-28T01:58:56.878.fits,15,4,1264.0,4200.0,912.0,100.0,0.2414
OMEGA.2022-01-28T01:58:56.878.fits,7,7,512.0,4100.0,144.0,0.0,0.2419
OMEGA.2022-01-28T03:30:36.453.fits,13,1,48.0,3367.2,2096.0,3399.0,0.03155
OMEGA.2022-01-28T03:30:36.453.fits,14,2,48.0,3367.2,2096.0,3431.0,0.03156
OMEGA.2022-01-28T03:30:36.453.fits,15,3,48.0,3399.2,2096.0,3431.0,0.03156
OMEGA.2022-01-28T03:30:36.453.fits,16,4,48.0,3399.2,2096.0,3463.0,0.03156
OMEGA.2022-01-28T03:30:36.453.fits,29,5,48.0,3431.2,2096.0,3495.1,0.03156
OMEGA.2022-01-28T03:30:36.453.fits,30,6,48.0,3463.3,2096.0,3495.1,0.03157
OMEGA.2022-01-28T03:30:36.453.fits,31,7,48.0,3463.3,2096.0,3527.1,0.03157
OMEGA.2022-01-28T03:30:36.453.fits,32,8,48.0,3495.3,2096.0,3559.1,0.03157
OMEGA.2022-01-28T04:54:27.987.fits,30,2,48.0,4039.8,2096.0,3270.8,0.01338
OMEGA.2022-01-28T04:54:27.987.fits,31,3,48.0,3207.0,2096.0,2438.0,0.01335
OMEGA.2022-01-28T04:54:27.987.fits,32,4,48.0,2374.2,2096.0,1637.2,0.01332
OMEGA.2022-01-28T03:06:39.858.fits,22,3,912.0,4100.0,2096.0,3779.4,0.005987
OMEGA.2022-01-28T03:06:39.858.fits,23,4,48.0,3747.7,2096.0,3202.9,0.005967
OMEGA.2022-01-28T03:06:39.858.fits,26,6,48.0,292.2,784.0,100.0,0.006
OMEGA.2022-01-06T02:13:19.028.astred.cal.fits,22,1,48.0,2914.8,1024.0,4100.0,0.2114
OMEGA.2022-01-06T02:13:19.028.astred.cal.fits,26,3,1072.0,100.0,2096.0,1316.9,0.2115
OMEGA.2022-01-06T02:13:19.028.astred.cal.fits,27,4,48.0,1413.3,2096.0,3847.4,0.2116
OMEGA.2022-01-06T02:13:19.028.astred.cal.fits,3,6,224.0,0.0,2096.0,2209.9,0.2111
OMEGA.2022-01-06T02:13:19.028.astred.cal.fits,32,7,544.0,100.0,2096.0,1957.6,0.2117
OMEGA.2022-01-06T02:13:19.028.astred.cal.fits,4,8,48.0,2306.2,1552.0,4100.0,0.2112
OMEGA.2022-01-10T05:04:04.280.fits,17,1,48.0,2722.7,2096.0,3715.4,0.02327
OMEGA.2022-01-10T05:04:04.280.fits,18,2,48.0,3715.6,816.0,4100.0,0.02328
OMEGA.2022-01-10T05:04:04.280.fits,2,5,496.0,0.0,2096.0,736.5,0.02324
OMEGA.2022-01-10T05:04:04.280.fits,22,7,1600.0,0.0,2096.0,224.0,0.02329
OMEGA.2022-01-10T05:04:04.280.fits,23,8,48.0,256.2,2096.0,1216.9,0.02329
OMEGA.2022-01-10T05:04:04.280.fits,24,9,48.0,1249.2,2096.0,2209.9,0.0233
OMEGA.2022-01-10T05:04:04.280.fits,3,10,48.0,768.8,2096.0,1729.4,0.02325
OMEGA.2022-01-10T05:04:04.280.fits,4,11,48.0,1761.7,2096.0,2722.4,0.02326
OMEGA.2022-01-10T05:53:40.078.fits,18,5,48.0,1345.3,2000.0,4100.0,0.01004
OMEGA.2022-01-10T05:53:40.078.fits,23,6,128.0,0.0,2096.0,2722.4,0.01004
OMEGA.2022-01-10T05:53:40.078.fits,24,7,48.0,2818.8,944.0,4100.0,0.01004
OMEGA.2022-01-10T05:10:08.961.fits,24,1,112.0,4100.0,2096.0,384.1,0.1846
OMEGA.2022-01-10T05:10:08.961.fits,27,2,48.0,4200.0,2096.0,356.0,0.1852
OMEGA.2022-01-10T05:10:08.961.fits,30,4,48.0,3783.6,2000.0,100.0,0.1859
OMEGA.2022-01-23T01:42:39.745.fits,22,2,1408.0,4100.0,752.0,0.0,0.287
OMEGA.2022-01-23T01:42:39.745.fits,26,3,2096.0,4200.0,1392.0,100.0,0.287
OMEGA.2022-01-23T01:42:39.745.fits,31,4,608.0,4200.0,48.0,516.4,0.2868
OMEGA.2022-01-23T02:50:43.036.fits,5,1,48.0,288.3,720.0,330.8,0.004641
OMEGA.2022-01-23T03:54:53.197.fits,13,1,48.0,2854.7,2096.0,2918.5,0.03152
OMEGA.2022-01-23T04:41:56.914.fits,10,1,1552.0,100.0,2096.0,388.0,0.02381
OMEGA.2022-01-23T04:41:56.914.fits,11,2,48.0,420.3,2096.0,1541.2,0.02382
OMEGA.2022-01-23T04:41:56.914.fits,12,3,48.0,1573.4,2096.0,2662.2,0.02383
OMEGA.2022-01-23T04:41:56.914.fits,25,4,48.0,2694.5,2096.0,3815.4,0.02385
OMEGA.2022-01-23T04:41:56.914.fits,26,5,48.0,3815.6,704.0,4200.0,0.02385
OMEGA.2022-01-23T04:41:56.914.fits,30,7,1392.0,100.0,2096.0,484.1,0.02386
OMEGA.2022-01-23T04:41:56.914.fits,31,8,48.0,484.4,2096.0,1605.2,0.02387
OMEGA.2022-01-23T04:41:56.914.fits,32,9,48.0,1637.5,2096.0,2758.3,0.02388
OMEGA.2022-01-23T04:41:56.914.fits,5,10,48.0,2178.1,2096.0,3331.0,0.02379
OMEGA.2022-01-23T04:41:56.914.fits,6,11,48.0,3331.2,1456.0,4100.0,0.0238
OMEGA.2022-01-23T02:52:27.756.fits,6,2,1648.0,537.5,2096.0,576.3,0.00464
OMEGA.2022-01-23T02:52:27.756.fits,7,3,48.0,576.6,2096.0,704.4,0.00464
OMEGA.2022-01-23T02:52:27.756.fits,8,4,48.0,704.7,2096.0,832.6,0.00464
OMEGA.2022-01-23T01:20:05.381.fits,10,1,1296.0,100.0,2096.0,900.5,0.6716
OMEGA.2022-01-23T01:20:05.381.fits,11,2,48.0,932.8,2096.0,3014.6,0.6721
OMEGA.2022-01-23T01:20:05.381.fits,12,3,48.0,3046.9,1184.0,4200.0,0.6726
OMEGA.2022-01-23T01:20:05.381.fits,16,4,1536.0,100.0,2096.0,644.3,0.673
OMEGA.2022-01-23T01:20:05.381.fits,29,6,48.0,708.6,2096.0,2758.3,0.6735
OMEGA.2022-01-23T01:20:05.381.fits,3,7,48.0,3555.5,1904.0,0.0,0.6532
OMEGA.2022-01-23T01:20:05.381.fits,30,8,48.0,2822.7,1392.0,4200.0,0.6741
OMEGA.2022-01-23T01:20:05.381.fits,5,9,1728.0,4100.0,2096.0,3427.1,0.6501
OMEGA.2022-01-23T01:20:05.381.fits,5,10,48.0,736.7,2096.0,2818.5,0.6706
OMEGA.2022-01-23T01:20:05.381.fits,6,11,48.0,3235.2,1728.0,0.0,0.6511
OMEGA.2022-01-23T01:20:05.381.fits,6,12,48.0,2882.8,1280.0,4100.0,0.6712
OMEGA.2022-01-23T01:20:05.381.fits,9,13,48.0,3303.1,1712.0,100.0,0.6491
OMEGA.2022-01-23T02:54:13.447.fits,22,1,304.0,997.0,2096.0,1120.8,0.00464
OMEGA.2022-01-23T02:54:13.447.fits,23,2,48.0,1089.1,2096.0,1249.0,0.00464
OMEGA.2022-01-21T01:18:05.558.astred.cal.fits,22,1,48.0,1185.2,2096.0,800.5,0.003245
OMEGA.2022-01-21T01:18:05.558.astred.cal.fits,23,2,48.0,768.8,2096.0,384.1,0.003242
OMEGA.2022-01-21T01:18:05.558.astred.cal.fits,24,3,48.0,320.3,1760.0,0.0,0.00324
OMEGA.2022-01-21T02:11:37.457.astred.cal.fits,10,1,48.0,900.8,2096.0,836.5,0.03067
OMEGA.2022-01-21T02:11:37.457.astred.cal.fits,11,2,48.0,804.7,2096.0,772.4,0.03066
OMEGA.2022-01-21T02:11:37.457.astred.cal.fits,12,3,48.0,740.6,2096.0,676.3,0.03065
OMEGA.2022-01-21T02:11:37.457.astred.cal.fits,25,4,48.0,644.5,2096.0,612.2,0.03064
OMEGA.2022-01-21T02:11:37.457.astred.cal.fits,26,5,48.0,580.5,2096.0,516.2,0.03063
OMEGA.2022-01-21T02:11:37.457.astred.cal.fits,27,6,48.0,484.4,2096.0,452.1,0.03062
OMEGA.2022-01-21T02:11:37.457.astred.cal.fits,28,7,48.0,420.3,2096.0,388.0,0.03061
OMEGA.2022-01-21T02:11:37.457.astred.cal.fits,9,8,48.0,964.8,2096.0,932.6,0.03068
OMEGA.2022-01-21T01:12:01.117.astred.cal.fits,5,1,48.0,3427.3,2096.0,3042.7,0.003258
OMEGA.2022-01-21T01:12:01.117.astred.cal.fits,6,2,48.0,2978.9,2096.0,2594.3,0.003255
OMEGA.2022-01-21T01:12:01.117.astred.cal.fits,7,3,48.0,2562.5,2096.0,2145.8,0.003252
OMEGA.2022-01-21T01:12:01.117.astred.cal.fits,8,4,48.0,2114.1,320.0,2054.3,0.003251
OMEGA.2022-01-21T01:59:28.415.astred.cal.fits,22,1,48.0,1761.0,2096.0,1884.0,0.004682
OMEGA.2022-01-21T01:59:28.415.astred.cal.fits,23,2,48.0,1888.0,2096.0,2005.0,0.004682
OMEGA.2022-01-21T01:59:28.415.astred.cal.fits,24,3,48.0,2011.0,1535.0,2097.0,0.004682
OMEGA.2022-01-21T01:59:28.415.astred.cal.fits,5,4,48.0,1143.0,2096.0,1263.0,0.004682
OMEGA.2022-01-21T01:59:28.415.astred.cal.fits,6,5,48.0,1265.0,2096.0,1383.0,0.004682
OMEGA.2022-01-21T01:59:28.415.astred.cal.fits,7,6,48.0,1394.0,2096.0,1508.0,0.004682
OMEGA.2022-01-21T01:59:28.415.astred.cal.fits,8,7,48.0,1512.0,2096.0,1628.0,0.004682
OMEGA.2022-01-21T02:35:05.950.astred.cal.fits,10,1,48.0,2758.6,2096.0,1765.4,0.06593
OMEGA.2022-01-21T02:35:05.950.astred.cal.fits,11,2,48.0,1701.6,2096.0,708.3,0.06605
OMEGA.2022-01-21T02:35:05.950.astred.cal.fits,12,3,48.0,644.5,1168.0,100.0,0.06614
OMEGA.2022-01-21T02:35:05.950.astred.cal.fits,20,4,1728.0,4100.0,2096.0,3939.6,0.06669
OMEGA.2022-01-21T02:35:05.950.astred.cal.fits,22,5,48.0,2562.5,2096.0,1601.3,0.06641
OMEGA.2022-01-21T02:35:05.950.astred.cal.fits,23,6,48.0,1505.5,2096.0,544.3,0.06653
OMEGA.2022-01-21T02:35:05.950.astred.cal.fits,24,7,48.0,448.4,976.0,0.0,0.06662
OMEGA.2022-01-21T02:35:05.950.astred.cal.fits,8,9,1248.0,4100.0,2096.0,3715.4,0.0662
OMEGA.2022-01-21T02:35:05.950.astred.cal.fits,9,10,48.0,3815.6,2096.0,2822.4,0.06581
OMEGA.2022-01-05T03:49:22.562.fits,17,1,48.0,3747.7,544.0,4100.0,0.03606
OMEGA.2022-01-05T03:49:22.562.fits,2,2,816.0,0.0,2096.0,864.6,0.03596
OMEGA.2022-01-05T03:49:22.562.fits,22,3,48.0,704.7,2096.0,2113.8,0.03613
OMEGA.2022-01-05T03:49:22.562.fits,23,4,48.0,2146.1,2096.0,3555.2,0.03617
OMEGA.2022-01-05T03:49:22.562.fits,24,5,48.0,3587.5,800.0,4100.0,0.0362
OMEGA.2022-01-05T03:49:22.562.fits,28,6,864.0,100.0,2096.0,932.6,0.03622
OMEGA.2022-01-05T03:49:22.562.fits,3,7,48.0,896.9,2096.0,2274.0,0.036
OMEGA.2022-01-05T03:49:22.562.fits,4,8,48.0,2306.3,2096.0,3715.4,0.03604
OMEGA.2022-01-05T03:21:06.797.fits,13,1,48.0,1477.3,2096.0,1669.3,0.004649
OMEGA.2022-01-05T03:21:06.797.fits,14,2,48.0,1637.5,2096.0,1797.4,0.004649
OMEGA.2022-01-05T03:21:06.797.fits,15,3,48.0,1765.6,2096.0,1925.5,0.004649
OMEGA.2022-01-05T03:21:06.797.fits,16,4,48.0,1893.8,2096.0,2085.7,0.004649
OMEGA.2022-01-05T03:21:06.797.fits,29,6,48.0,2053.9,2096.0,2213.8,0.004649
OMEGA.2022-01-05T03:21:06.797.fits,30,8,48.0,2182.0,2096.0,2341.9,0.004648
OMEGA.2022-01-05T03:21:06.797.fits,31,9,48.0,2342.2,2096.0,2502.1,0.004648
OMEGA.2022-01-05T03:21:06.797.fits,32,10,48.0,2470.3,2096.0,2630.2,0.004648
OMEGA.2022-01-05T06:36:26.320.fits,12,2,48.0,3655.5,2096.0,3591.2,0.004875
OMEGA.2022-01-05T06:36:26.320.fits,25,6,48.0,3559.4,2096.0,3463.0,0.00486
OMEGA.2022-01-05T06:36:26.320.fits,26,7,48.0,3431.2,2096.0,3334.9,0.004845
OMEGA.2022-01-05T06:36:26.320.fits,27,8,48.0,3303.1,2096.0,3206.8,0.00483
OMEGA.2022-01-05T06:36:26.320.fits,28,9,48.0,3175.0,2096.0,3110.7,0.004815
OMEGA.2022-01-05T06:08:00.955.fits,20,2,48.0,512.5,1424.0,4100.0,0.1445
OMEGA.2022-01-05T06:08:00.955.fits,5,6,48.0,1089.1,944.0,654.6,0.01095
OMEGA.2022-01-05T06:01:56.454.fits,2,1,704.0,4100.0,2096.0,1152.9,0.2033
OMEGA.2022-01-05T06:01:56.454.fits,3,3,48.0,928.9,480.0,0.0,0.2029
OMEGA.2022-01-05T06:01:56.454.fits,5,5,768.0,4100.0,2096.0,1281.0,0.204
OMEGA.2022-01-05T06:01:56.454.fits,6,6,48.0,1057.0,544.0,0.0,0.2037
OMEGA.2022-01-05T06:01:56.454.fits,9,7,48.0,1605.5,752.0,100.0,0.2044
OMEGA.2022-01-05T06:56:39.953.fits,20,1,752.0,4100.0,1376.0,3960.6,0.004797
OMEGA.2022-01-05T06:56:39.953.fits,22,3,48.0,576.6,2096.0,191.9,0.004797
OMEGA.2022-01-05T06:56:39.953.fits,23,4,48.0,160.2,944.0,0.0,0.004797
OMEGA.2022-01-05T06:56:39.953.fits,5,7,48.0,2594.5,2096.0,2241.9,0.004796
OMEGA.2022-01-05T06:56:39.953.fits,6,10,48.0,2210.2,2096.0,1825.5,0.004796
OMEGA.2022-01-05T06:56:39.953.fits,7,11,48.0,1793.8,2096.0,1409.1,0.004797
OMEGA.2022-01-05T06:14:06.166.fits,12,1,48.0,4135.9,1360.0,100.0,0.2572
OMEGA.2022-01-05T06:14:06.166.fits,15,2,704.0,4200.0,2096.0,100.0,0.258
OMEGA.2022-01-05T06:14:06.166.fits,17,3,48.0,1153.1,2096.0,159.9,0.011
OMEGA.2022-01-05T06:14:06.166.fits,17,4,688.0,4100.0,2032.0,0.0,0.2557
OMEGA.2022-01-05T06:14:06.166.fits,4,8,1488.0,1528.0,2096.0,1216.9,0.011
OMEGA.2022-01-05T06:14:06.166.fits,8,9,1376.0,4100.0,2096.0,1921.6,0.2567
OMEGA.2022-01-30T03:25:27.748.fits,10,2,48.0,260.2,2096.0,740.4,0.09195
OMEGA.2022-01-30T03:25:27.748.fits,11,3,48.0,740.6,2096.0,1220.8,0.09203
OMEGA.2022-01-30T03:25:27.748.fits,12,4,48.0,1221.1,2096.0,1701.3,0.09212
OMEGA.2022-01-30T03:25:27.748.fits,25,8,48.0,1669.5,2096.0,2181.8,0.0922
OMEGA.2022-01-30T03:25:27.748.fits,26,9,48.0,2150.0,2096.0,2630.2,0.09228
OMEGA.2022-01-30T03:25:27.748.fits,27,10,48.0,2630.5,2096.0,3110.7,0.09236
OMEGA.2022-01-30T03:25:27.748.fits,28,11,48.0,3110.9,2096.0,3591.2,0.09244
OMEGA.2022-01-30T03:25:27.748.fits,5,12,48.0,3843.8,1168.0,4100.0,0.09185
OMEGA.2022-01-30T03:25:27.748.fits,9,13,1360.0,100.0,2096.0,259.9,0.09189
OMEGA.2022-01-30T02:58:58.254.fits,10,2,48.0,100.0,2096.0,259.9,0.004607
OMEGA.2022-01-30T02:58:58.254.fits,11,3,48.0,228.1,2096.0,356.0,0.004607
OMEGA.2022-01-30T01:49:15.032.fits,10,1,544.0,100.0,2096.0,1381.0,0.1427
OMEGA.2022-01-30T01:49:15.032.fits,11,3,48.0,1413.3,2096.0,3142.7,0.143
OMEGA.2022-01-30T01:49:15.032.fits,12,4,48.0,3207.0,1232.0,4200.0,0.1432
OMEGA.2022-01-30T01:49:15.032.fits,16,6,1664.0,100.0,2096.0,452.1,0.1434
OMEGA.2022-01-30T01:49:15.032.fits,29,7,48.0,516.4,2096.0,2245.8,0.1435
OMEGA.2022-01-30T01:49:15.032.fits,30,8,48.0,2278.1,2096.0,4007.6,0.1438
OMEGA.2022-01-30T01:49:15.032.fits,5,9,48.0,1921.9,2096.0,3619.3,0.1424
OMEGA.2022-01-30T01:49:15.032.fits,6,11,48.0,3715.6,496.0,4100.0,0.1426
OMEGA.2022-01-30T03:11:11.456.fits,27,2,48.0,3943.8,2096.0,2309.9,0.004245
OMEGA.2022-01-30T03:11:11.456.fits,27,3,48.0,3943.8,2096.0,2374.0,0.004245
OMEGA.2022-01-30T03:00:43.994.fits,25,1,912.0,497.9,2096.0,580.2,0.004607
OMEGA.2022-01-30T03:00:43.994.fits,26,2,48.0,548.4,2096.0,676.3,0.004606
OMEGA.2022-01-30T03:00:43.994.fits,27,3,48.0,644.5,672.0,686.3,0.004606
OMEGA.2022-01-30T03:09:26.986.fits,16,1,528.0,4200.0,2096.0,2950.5,0.004304
OMEGA.2022-01-30T03:09:26.986.fits,16,2,608.0,4200.0,2096.0,2950.5,0.004304
OMEGA.2022-01-30T03:09:26.986.fits,16,3,608.0,4200.0,2096.0,3014.6,0.004304
OMEGA.2022-01-30T02:51:26.213.fits,1,1,896.0,653.9,2096.0,736.5,0.004608
OMEGA.2022-01-30T02:51:26.213.fits,2,2,48.0,704.7,2096.0,864.6,0.004608
OMEGA.2022-01-30T02:51:26.213.fits,3,3,48.0,832.8,704.0,875.1,0.004608
OMEGA.2022-01-30T01:10:33.406.fits,24,4,352.0,4100.0,1840.0,0.0,0.5941
OMEGA.2022-01-30T01:10:33.406.fits,27,5,992.0,4200.0,2096.0,1156.8,0.5923
OMEGA.2022-01-30T01:10:33.406.fits,30,7,1504.0,4200.0,2096.0,2598.2,0.59
OMEGA.2022-01-30T01:10:33.406.fits,31,8,48.0,2310.2,848.0,100.0,0.591
OMEGA.2022-01-30T03:02:28.995.fits,28,4,1616.0,861.2,2096.0,900.5,0.004606
OMEGA.2022-01-30T02:32:47.590.fits,26,1,48.0,2278.1,2096.0,1701.3,0.006094
OMEGA.2022-01-30T02:32:47.590.fits,27,2,48.0,1637.5,2096.0,1060.7,0.006067
OMEGA.2022-01-30T01:31:01.669.fits,25,5,2096.0,3655.2,1040.0,100.0,0.5396
OMEGA.2022-01-30T01:31:01.669.fits,30,7,1440.0,4200.0,208.0,100.0,0.5399
OMEGA.2022-01-30T01:31:01.669.fits,4,8,1840.0,4100.0,608.0,0.0,0.5392
OMEGA.2022-01-30T01:31:01.669.fits,8,9,2096.0,512.2,1952.0,0.0,0.5394
OMEGA.2022-01-30T02:31:02.889.fits,11,1,48.0,4200.0,2096.0,3591.2,0.006177
OMEGA.2022-01-30T02:31:02.889.fits,13,2,992.0,723.4,2096.0,388.0,0.006227
OMEGA.2022-01-30T02:31:02.889.fits,14,3,48.0,324.2,896.0,100.0,0.006209
OMEGA.2022-01-02T06:30:52.304.astred.cal.fits,10,1,48.0,3367.2,2096.0,2341.9,0.1406
OMEGA.2022-01-02T06:30:52.304.astred.cal.fits,11,2,48.0,2278.1,2096.0,1220.8,0.1403
OMEGA.2022-01-02T06:30:52.304.astred.cal.fits,12,4,48.0,1157.0,2096.0,100.0,0.14
OMEGA.2022-01-02T06:30:52.304.astred.cal.fits,22,5,48.0,3010.9,2096.0,1985.7,0.1394
OMEGA.2022-01-02T06:30:52.304.astred.cal.fits,23,6,48.0,1889.8,2096.0,864.6,0.139
OMEGA.2022-01-02T06:30:52.304.astred.cal.fits,24,7,48.0,800.8,1648.0,0.0,0.1387
OMEGA.2022-01-02T06:30:52.304.astred.cal.fits,9,8,560.0,4200.0,2096.0,3431.0,0.1408
OMEGA.2022-01-02T00:59:16.697.astred.cal.fits,17,2,48.0,864.8,1968.0,4100.0,0.3751
OMEGA.2022-01-02T00:59:16.697.astred.cal.fits,22,3,48.0,0.0,2096.0,3587.2,0.3752
OMEGA.2022-01-02T00:59:16.697.astred.cal.fits,23,4,48.0,3715.6,256.0,4100.0,0.3752
OMEGA.2022-01-02T00:59:16.697.astred.cal.fits,27,5,288.0,100.0,2096.0,3206.8,0.3753
OMEGA.2022-01-02T00:59:16.697.astred.cal.fits,28,6,48.0,3335.2,544.0,4200.0,0.3753
OMEGA.2022-01-02T00:59:16.697.astred.cal.fits,32,8,752.0,100.0,2096.0,2406.0,0.3754
OMEGA.2022-01-02T03:19:53.631.astred.cal.fits,23,1,1740.0,1879.0,2096.0,1901.0,0.004682
OMEGA.2022-01-02T03:19:53.631.astred.cal.fits,24,2,48.0,1907.0,2096.0,2027.0,0.004682
OMEGA.2022-01-02T06:18:43.121.astred.cal.fits,32,10,2096.0,3078.7,48.0,1157.0,0.1609
OMEGA.2022-01-24T03:12:49.061.fits,10,1,48.0,4039.8,2096.0,4200.0,0.004638
OMEGA.2022-01-24T03:12:49.061.fits,9,3,688.0,3953.8,2096.0,4039.6,0.004638
OMEGA.2022-01-24T07:31:26.344.fits,17,1,48.0,2114.1,2096.0,2209.9,0.004651
OMEGA.2022-01-24T07:31:26.344.fits,18,2,48.0,2178.1,1904.0,2271.2,0.004651
OMEGA.2022-01-24T07:29:41.434.fits,1,1,1280.0,1941.1,2096.0,1985.7,0.004651
OMEGA.2022-01-24T07:29:41.434.fits,2,2,48.0,1953.9,2096.0,2049.7,0.004651
OMEGA.2022-01-24T07:29:41.434.fits,3,3,48.0,2018.0,1120.0,2066.8,0.004651
OMEGA.2022-01-24T03:18:02.741.fits,13,1,48.0,868.8,800.0,1200.8,0.00469
OMEGA.2022-01-24T03:16:18.292.fits,32,5,48.0,292.2,2096.0,452.1,0.004637
OMEGA.2022-01-20T01:08:39.847.astred.cal.fits,10,1,48.0,3046.9,2096.0,2982.6,0.1122
OMEGA.2022-01-20T01:08:39.847.astred.cal.fits,11,2,48.0,2950.8,2096.0,2790.4,0.1122
OMEGA.2022-01-20T01:08:39.847.astred.cal.fits,11,5,48.0,2886.7,2096.0,2790.4,0.1122
OMEGA.2022-01-20T01:08:39.847.astred.cal.fits,12,6,48.0,2822.7,2096.0,2662.2,0.1123
OMEGA.2022-01-20T01:08:39.847.astred.cal.fits,12,8,48.0,2758.6,2096.0,2662.2,0.1123
OMEGA.2022-01-20T01:08:39.847.astred.cal.fits,25,10,48.0,2662.5,2096.0,2566.2,0.1123
OMEGA.2022-01-20T01:08:39.847.astred.cal.fits,26,11,48.0,2534.4,2096.0,2438.0,0.1124
OMEGA.2022-01-20T01:08:39.847.astred.cal.fits,26,12,48.0,2470.3,2096.0,2438.0,0.1124
OMEGA.2022-01-20T01:08:39.847.astred.cal.fits,27,13,48.0,2406.2,2096.0,2245.8,0.1124
OMEGA.2022-01-20T01:08:39.847.astred.cal.fits,27,14,48.0,2342.2,2096.0,2245.8,0.1124
OMEGA.2022-01-20T01:08:39.847.astred.cal.fits,28,15,48.0,2246.1,2096.0,2149.7,0.1125
OMEGA.2022-01-20T01:08:39.847.astred.cal.fits,3,16,2096.0,2209.9,1328.0,0.0,0.4405
OMEGA.2022-01-20T01:08:39.847.astred.cal.fits,9,17,48.0,3239.1,2096.0,3078.7,0.1121
OMEGA.2022-01-20T02:07:43.147.astred.cal.fits,10,1,48.0,420.3,2096.0,195.8,0.004802
OMEGA.2022-01-20T02:07:43.147.astred.cal.fits,23,3,48.0,1955.0,2096.0,2072.0,0.004682
OMEGA.2022-01-20T02:07:43.147.astred.cal.fits,24,4,48.0,2080.0,2096.0,2194.0,0.004682
OMEGA.2022-01-20T02:07:43.147.astred.cal.fits,9,6,48.0,708.6,2096.0,484.1,0.004802
OMEGA.2022-01-20T07:53:33.825.astred.cal.fits,10,1,400.0,100.0,48.0,388.3,0.3813
OMEGA.2022-01-20T07:53:33.825.astred.cal.fits,17,2,2096.0,1633.3,48.0,3363.3,0.3773
OMEGA.2022-01-20T07:53:33.825.astred.cal.fits,18,3,1824.0,0.0,48.0,1505.5,0.3761
OMEGA.2022-01-20T07:53:33.825.astred.cal.fits,4,4,2096.0,3491.2,1360.0,4100.0,0.3781
OMEGA.2022-01-20T07:53:33.825.astred.cal.fits,6,5,2096.0,2722.4,464.0,4100.0,0.3807
OMEGA.2022-01-20T07:53:33.825.astred.cal.fits,7,7,2096.0,864.6,48.0,2594.5,0.3797
OMEGA.2022-01-20T07:53:33.825.astred.cal.fits,8,8,928.0,0.0,48.0,768.8,0.3788
OMEGA.2022-01-20T07:53:33.825.astred.cal.fits,9,9,2096.0,516.2,48.0,2246.1,0.3821
OMEGA.2022-01-20T01:30:58.461.astred.cal.fits,17,1,48.0,2530.5,2096.0,1697.4,0.03195
OMEGA.2022-01-20T01:30:58.461.astred.cal.fits,18,2,48.0,1665.6,2096.0,832.6,0.03193
OMEGA.2022-01-20T01:30:58.461.astred.cal.fits,19,3,48.0,736.7,1872.0,0.0,0.03192
OMEGA.2022-01-20T01:30:58.461.astred.cal.fits,3,4,640.0,4100.0,2096.0,3523.2,0.03198
OMEGA.2022-01-20T01:30:58.461.astred.cal.fits,4,5,48.0,3427.3,2096.0,2626.3,0.03197
OMEGA.2022-01-20T01:30:58.461.astred.cal.fits,5,6,48.0,1665.6,2096.0,832.6,0.03202
OMEGA.2022-01-20T01:30:58.461.astred.cal.fits,6,7,48.0,768.8,1920.0,0.0,0.032
OMEGA.2022-01-20T02:01:38.556.astred.cal.fits,5,2,48.0,1286.0,2096.0,1405.0,0.004682
OMEGA.2022-01-20T02:01:38.556.astred.cal.fits,6,3,48.0,1408.0,2096.0,1529.0,0.004682
OMEGA.2022-01-20T02:01:38.556.astred.cal.fits,7,4,48.0,1539.0,2096.0,1652.0,0.004682
OMEGA.2022-01-20T02:01:38.556.astred.cal.fits,8,5,48.0,1655.0,2096.0,1776.0,0.004682
OMEGA.2022-01-20T02:13:49.178.astred.cal.fits,22,1,48.0,3875.8,2096.0,3843.5,0.03056
OMEGA.2022-01-20T02:13:49.178.astred.cal.fits,22,2,48.0,3203.1,2096.0,2978.7,0.004803
OMEGA.2022-01-20T02:13:49.178.astred.cal.fits,23,3,48.0,3811.7,2096.0,3747.4,0.03055
OMEGA.2022-01-20T02:13:49.178.astred.cal.fits,23,4,48.0,2946.9,2096.0,2722.4,0.004803
OMEGA.2022-01-20T02:13:49.178.astred.cal.fits,24,5,48.0,2690.6,2096.0,2434.1,0.004804
OMEGA.2022-01-20T02:13:49.178.astred.cal.fits,24,6,48.0,3715.6,2096.0,3683.3,0.03054
OMEGA.2022-01-20T01:55:34.105.astred.cal.fits,32,4,208.0,4200.0,1536.0,100.0,0.07495
OMEGA.2022-01-31T02:07:24.815.fits,13,1,48.0,1189.1,2096.0,1156.8,0.03127
OMEGA.2022-01-31T02:07:24.815.fits,14,2,48.0,1125.0,2096.0,1092.7,0.03127
OMEGA.2022-01-31T02:07:24.815.fits,15,3,48.0,1060.9,2096.0,1060.7,0.03126
OMEGA.2022-01-31T02:07:24.815.fits,16,4,48.0,1028.9,2096.0,996.6,0.03125
OMEGA.2022-01-31T02:07:24.815.fits,29,5,48.0,964.8,2096.0,964.6,0.03125
OMEGA.2022-01-31T02:07:24.815.fits,30,6,48.0,932.8,2096.0,900.5,0.03124
OMEGA.2022-01-31T02:07:24.815.fits,31,7,48.0,868.8,2096.0,868.5,0.03123
OMEGA.2022-01-31T02:07:24.815.fits,32,8,48.0,836.7,2096.0,804.4,0.03123
OMEGA.2022-01-31T02:36:18.699.fits,25,1,48.0,1381.2,2096.0,1509.1,0.00465
OMEGA.2022-01-31T02:36:18.699.fits,26,2,48.0,1477.3,1040.0,1556.9,0.00465
OMEGA.2022-01-31T02:50:15.302.fits,1,1,48.0,2306.2,2096.0,2434.1,0.004712
OMEGA.2022-01-31T02:50:15.302.fits,2,2,48.0,2402.3,1024.0,2481.7,0.004712
OMEGA.2022-01-31T02:58:34.613.fits,20,4,48.0,3267.2,2096.0,2754.4,0.007229
OMEGA.2022-01-31T01:38:57.439.fits,13,1,1056.0,4200.0,656.0,100.0,0.1262
OMEGA.2022-01-31T01:38:57.439.fits,18,2,1504.0,0.0,2096.0,640.4,0.04635
OMEGA.2022-01-31T01:38:57.439.fits,19,3,48.0,704.7,2096.0,2914.6,0.04658
OMEGA.2022-01-31T01:38:57.439.fits,24,5,1424.0,0.0,2096.0,704.4,0.04685
OMEGA.2022-01-31T01:38:57.439.fits,5,6,224.0,4100.0,48.0,2178.1,0.1263
OMEGA.2022-01-31T01:38:57.439.fits,9,7,624.0,4200.0,224.0,100.0,0.1262
OMEGA.2022-01-31T02:25:38.607.fits,13,1,48.0,3143.0,2096.0,3142.7,0.03146
OMEGA.2022-01-31T02:25:38.607.fits,13,2,48.0,2822.7,2096.0,2822.4,0.0315
OMEGA.2022-01-31T02:25:38.607.fits,14,3,48.0,3110.9,2096.0,3110.7,0.03146
OMEGA.2022-01-31T02:25:38.607.fits,14,4,48.0,2790.6,2096.0,2790.4,0.03149
OMEGA.2022-01-31T02:25:38.607.fits,15,5,48.0,3078.9,2096.0,3078.7,0.03146
OMEGA.2022-01-31T02:25:38.607.fits,15,6,48.0,2758.6,2096.0,2758.3,0.03149
OMEGA.2022-01-31T02:25:38.607.fits,16,7,48.0,3046.9,2096.0,3046.6,0.03145
OMEGA.2022-01-31T02:25:38.607.fits,16,8,48.0,2726.6,2096.0,2726.3,0.03149
OMEGA.2022-01-31T02:25:38.607.fits,29,9,48.0,2694.5,2096.0,2694.3,0.03148
OMEGA.2022-01-31T02:25:38.607.fits,29,10,48.0,3014.8,2096.0,3014.6,0.03145
OMEGA.2022-01-31T02:25:38.607.fits,30,11,48.0,2662.5,2096.0,2662.2,0.03148
OMEGA.2022-01-31T02:25:38.607.fits,30,12,48.0,2982.8,2096.0,2982.6,0.03145
OMEGA.2022-01-31T02:25:38.607.fits,31,13,48.0,2630.5,2096.0,2630.2,0.03147
OMEGA.2022-01-31T02:25:38.607.fits,31,14,48.0,2950.8,2096.0,2950.5,0.03144
OMEGA.2022-01-31T02:25:38.607.fits,32,15,48.0,2598.4,2096.0,2598.2,0.03147
OMEGA.2022-01-31T02:25:38.607.fits,32,16,48.0,2918.8,2096.0,2918.5,0.03144
OMEGA.2022-01-31T02:38:03.310.fits,28,1,48.0,1669.5,2096.0,1797.4,0.00465
OMEGA.2022-01-31T02:51:59.662.fits,17,1,48.0,2722.7,1856.0,2815.0,0.004711
OMEGA.2022-01-31T02:51:59.662.fits,4,3,48.0,2594.5,2096.0,2722.4,0.004711
OMEGA.2022-01-31T02:19:34.157.fits,14,1,48.0,100.0,2096.0,388.0,0.04155
OMEGA.2022-01-31T02:19:34.157.fits,15,2,48.0,356.2,2096.0,644.3,0.04166
OMEGA.2022-01-31T02:19:34.157.fits,16,3,48.0,612.5,2096.0,900.5,0.0418
OMEGA.2022-01-31T02:19:34.157.fits,29,4,48.0,900.8,2096.0,1156.8,0.04194
OMEGA.2022-01-31T02:19:34.157.fits,30,5,48.0,1157.0,2096.0,1445.1,0.04208
OMEGA.2022-01-31T02:19:34.157.fits,31,6,48.0,1413.3,2096.0,1701.3,0.04222
OMEGA.2022-01-31T02:19:34.157.fits,32,7,48.0,1669.5,2096.0,1957.6,0.04236
OMEGA.2022-01-31T02:56:50.153.fits,6,2,1424.0,1911.4,2096.0,1761.5,0.00744
OMEGA.2022-01-31T02:56:50.153.fits,7,3,48.0,1697.7,2096.0,1152.9,0.00741
OMEGA.2022-01-31T02:56:50.153.fits,8,4,48.0,1121.1,2096.0,576.3,0.007373
OMEGA.2022-01-12T01:18:35.369.astred.cal.fits,12,2,576.0,4200.0,2096.0,1445.1,0.6901
OMEGA.2022-01-12T01:18:35.369.astred.cal.fits,15,4,272.0,4200.0,2096.0,900.5,0.6885
OMEGA.2022-01-12T01:18:35.369.astred.cal.fits,18,6,992.0,4100.0,2096.0,2113.8,0.693
OMEGA.2022-01-12T01:18:35.369.astred.cal.fits,19,7,48.0,1921.9,1088.0,0.0,0.6938
OMEGA.2022-01-12T01:46:13.423.astred.cal.fits,10,1,48.0,2982.8,816.0,4200.0,0.2219
OMEGA.2022-01-12T01:46:13.423.astred.cal.fits,14,2,1056.0,100.0,2096.0,1701.3,0.2221
OMEGA.2022-01-12T01:46:13.423.astred.cal.fits,15,3,48.0,1829.7,1568.0,4200.0,0.2224
OMEGA.2022-01-12T01:46:13.423.astred.cal.fits,9,7,304.0,100.0,2096.0,2886.5,0.2216
OMEGA.2022-01-12T02:17:31.769.astred.cal.fits,1,1,48.0,3331.3,2096.0,3266.9,0.02994
OMEGA.2022-01-12T02:17:31.769.astred.cal.fits,17,2,48.0,2946.9,2096.0,2850.5,0.02989
OMEGA.2022-01-12T02:17:31.769.astred.cal.fits,18,3,48.0,2818.8,2096.0,2754.4,0.02988
OMEGA.2022-01-12T02:17:31.769.astred.cal.fits,19,4,48.0,2722.7,2096.0,2658.3,0.02986
OMEGA.2022-01-12T02:17:31.769.astred.cal.fits,2,5,48.0,3267.2,2096.0,3170.8,0.02993
OMEGA.2022-01-12T02:17:31.769.astred.cal.fits,20,6,48.0,2626.6,2096.0,2562.2,0.02985
OMEGA.2022-01-12T02:17:31.769.astred.cal.fits,3,7,48.0,3139.1,2096.0,3074.7,0.02991
OMEGA.2022-01-12T02:17:31.769.astred.cal.fits,4,8,48.0,3043.0,2096.0,2978.7,0.0299
OMEGA.2022-01-12T02:35:45.432.astred.cal.fits,5,15,48.0,1001.0,2096.0,1122.0,0.004682
OMEGA.2022-01-12T02:35:45.432.astred.cal.fits,6,18,48.0,1126.0,2096.0,1242.0,0.004682
OMEGA.2022-01-12T02:35:45.432.astred.cal.fits,7,21,48.0,1250.0,2096.0,1367.0,0.004682
OMEGA.2022-01-12T02:35:45.432.astred.cal.fits,8,25,48.0,1370.0,2096.0,1490.0,0.004682
OMEGA.2022-01-07T01:34:16.114.fits,22,1,48.0,2722.7,2096.0,3234.9,0.08313
OMEGA.2022-01-07T01:34:16.114.fits,23,2,48.0,3235.2,2096.0,3747.4,0.08291
OMEGA.2022-01-07T01:34:16.114.fits,5,3,48.0,224.2,2096.0,768.5,0.08421
OMEGA.2022-01-07T01:34:16.114.fits,6,4,48.0,704.7,2096.0,1249.0,0.08399
OMEGA.2022-01-07T01:34:16.114.fits,7,6,48.0,1249.2,2096.0,1729.4,0.08378
OMEGA.2022-01-07T01:34:16.114.fits,8,7,48.0,1729.7,2096.0,2241.9,0.08356
OMEGA.2022-01-07T01:17:47.341.fits,1,1,544.0,0.0,352.0,4100.0,0.6373
OMEGA.2022-01-07T01:17:47.341.fits,5,2,336.0,0.0,128.0,4100.0,0.6367
OMEGA.2022-01-07T01:40:20.875.fits,24,2,768.0,4100.0,736.0,0.0,0.2585
OMEGA.2022-01-07T01:40:20.875.fits,32,4,800.0,4200.0,784.0,100.0,0.258
OMEGA.2022-01-07T02:19:39.241.fits,10,1,48.0,4039.8,2096.0,2470.1,0.1918
OMEGA.2022-01-07T02:19:39.241.fits,11,2,48.0,2374.2,2096.0,804.4,0.1918
OMEGA.2022-01-07T02:19:39.241.fits,12,3,48.0,676.6,816.0,100.0,0.1918
OMEGA.2022-01-07T02:19:39.241.fits,13,4,48.0,1253.1,1536.0,100.0,0.1919
OMEGA.2022-01-07T02:19:39.241.fits,19,5,176.0,4100.0,2096.0,2626.3,0.1916
OMEGA.2022-01-07T02:19:39.241.fits,20,6,48.0,2530.5,2096.0,928.7,0.1915
OMEGA.2022-01-07T02:19:39.241.fits,22,8,48.0,1409.4,1856.0,0.0,0.1917
OMEGA.2022-01-07T02:19:39.241.fits,8,12,880.0,4100.0,2096.0,3170.8,0.1918
OMEGA.2022-01-07T03:36:21.804.fits,10,2,144.0,4200.0,48.0,3687.5,0.2077
OMEGA.2022-01-07T03:36:21.804.fits,14,3,1104.0,4200.0,224.0,100.0,0.2076
OMEGA.2022-01-07T03:36:21.804.fits,5,4,1376.0,4100.0,496.0,0.0,0.2077
OMEGA.2022-01-07T03:36:21.804.fits,9,5,2096.0,3302.9,1392.0,100.0,0.2077
OMEGA.2022-01-07T03:42:26.405.fits,28,1,1840.0,4200.0,2096.0,3527.1,0.1302
OMEGA.2022-01-07T03:42:26.405.fits,32,2,240.0,4200.0,1712.0,100.0,0.13
OMEGA.2022-01-29T01:54:44.804.fits,4,2,384.0,4100.0,1936.0,0.0,0.009168
OMEGA.2022-01-29T02:51:24.613.fits,12,2,48.0,1605.5,2096.0,1028.7,0.00592
OMEGA.2022-01-29T01:36:30.491.fits,11,1,2096.0,1477.1,736.0,4200.0,0.05092
OMEGA.2022-01-29T01:36:30.491.fits,12,2,624.0,100.0,48.0,1285.2,0.05097
OMEGA.2022-01-29T01:36:30.491.fits,14,3,2096.0,1316.9,656.0,4200.0,0.05082
OMEGA.2022-01-29T01:36:30.491.fits,15,4,544.0,100.0,48.0,1125.0,0.05087
OMEGA.2022-01-29T01:36:30.491.fits,17,5,2096.0,1377.1,736.0,4100.0,0.05112
OMEGA.2022-01-29T01:36:30.491.fits,18,6,624.0,0.0,48.0,1153.1,0.05117
OMEGA.2022-01-29T01:36:30.491.fits,8,7,2096.0,1249.0,656.0,4100.0,0.05102
OMEGA.2022-01-29T01:09:50.957.fits,11,2,1600.0,4200.0,560.0,100.0,0.2774
OMEGA.2022-01-29T01:09:50.957.fits,15,4,2096.0,1637.2,1696.0,100.0,0.2774
OMEGA.2022-01-29T01:48:39.442.fits,13,2,1952.0,4200.0,2096.0,3847.4,0.008894
OMEGA.2022-01-29T01:48:39.442.fits,14,3,48.0,3591.4,1376.0,100.0,0.008934
OMEGA.2022-01-29T00:50:18.164.fits,10,1,1776.0,100.0,2096.0,420.1,0.6837
OMEGA.2022-01-29T00:50:18.164.fits,11,2,48.0,484.4,2096.0,2566.2,0.6842
OMEGA.2022-01-29T00:50:18.164.fits,12,3,48.0,2630.5,1600.0,4200.0,0.6847
OMEGA.2022-01-29T00:50:18.164.fits,29,5,48.0,292.2,2096.0,2374.0,0.6855
OMEGA.2022-01-29T00:50:18.164.fits,30,6,48.0,2438.3,1792.0,4200.0,0.686
OMEGA.2022-01-29T00:50:18.164.fits,5,7,48.0,256.3,2096.0,2338.0,0.6829
OMEGA.2022-01-29T00:50:18.164.fits,6,8,48.0,2402.3,1728.0,4100.0,0.6834
OMEGA.2022-01-29T01:42:34.952.fits,22,2,1776.0,4100.0,1808.0,0.0,0.3507
OMEGA.2022-01-29T01:42:34.952.fits,26,3,1760.0,4200.0,1776.0,100.0,0.3503
OMEGA.2022-01-29T01:42:34.952.fits,30,4,1728.0,4200.0,1744.0,100.0,0.3498
OMEGA.2022-01-29T01:22:00.089.fits,14,4,1360.0,4200.0,1088.0,100.0,0.4127
OMEGA.2022-01-29T01:22:00.089.fits,2,5,496.0,4100.0,224.0,0.0,0.414
OMEGA.2022-01-29T01:22:00.089.fits,6,9,784.0,4100.0,512.0,0.0,0.4136
OMEGA.2022-01-29T02:24:16.978.fits,13,3,48.0,2630.5,2096.0,2630.2,0.0314
OMEGA.2022-01-29T02:24:16.978.fits,14,4,48.0,2598.4,2096.0,2598.2,0.0314
OMEGA.2022-01-29T02:24:16.978.fits,15,5,48.0,2566.4,2096.0,2534.1,0.03139
OMEGA.2022-01-29T02:24:16.978.fits,16,6,48.0,2534.4,2096.0,2534.1,0.03139
OMEGA.2022-01-29T02:24:16.978.fits,29,9,48.0,2470.3,2096.0,2470.1,0.03138
OMEGA.2022-01-29T02:24:16.978.fits,30,10,48.0,2470.3,2096.0,2438.0,0.03138
OMEGA.2022-01-29T02:24:16.978.fits,31,12,48.0,2406.3,2096.0,2406.0,0.03137
OMEGA.2022-01-29T02:24:16.978.fits,32,13,48.0,2406.3,2096.0,2374.0,0.03137
OMEGA.2022-01-29T02:53:09.073.fits,10,1,48.0,3783.6,2096.0,3911.5,0.004148
OMEGA.2022-01-29T02:53:09.073.fits,11,2,48.0,3879.7,1104.0,3928.2,0.004148
OMEGA.2022-01-29T02:53:09.073.fits,24,3,48.0,3235.2,2096.0,2658.3,0.00582
OMEGA.2022-01-29T02:53:09.073.fits,9,4,1760.0,3810.4,2096.0,3815.4,0.004148
OMEGA.2022-01-29T02:49:40.142.fits,1,1,1376.0,1654.4,2096.0,1505.2,0.004681
OMEGA.2022-01-29T02:49:40.142.fits,2,2,48.0,1441.4,2096.0,1024.7,0.004681
OMEGA.2022-01-29T02:49:40.142.fits,3,4,48.0,960.9,1136.0,721.7,0.004681
OMEGA.2022-01-29T02:06:03.645.fits,13,1,48.0,420.3,2096.0,388.0,0.03118
OMEGA.2022-01-29T02:06:03.645.fits,14,2,48.0,356.2,2096.0,324.0,0.03117
OMEGA.2022-01-29T02:06:03.645.fits,15,3,48.0,292.2,2096.0,291.9,0.03116
OMEGA.2022-01-29T02:06:03.645.fits,16,4,48.0,228.1,2096.0,227.9,0.03116
OMEGA.2022-01-29T02:06:03.645.fits,29,5,48.0,196.1,2096.0,163.8,0.03115
OMEGA.2022-01-29T02:18:12.528.fits,13,1,48.0,3271.1,2096.0,2950.5,0.004399
OMEGA.2022-01-29T02:18:12.528.fits,14,2,48.0,2918.8,2096.0,2630.2,0.0044
OMEGA.2022-01-29T02:18:12.528.fits,15,3,48.0,2598.4,2096.0,2277.9,0.0044
OMEGA.2022-01-29T02:18:12.528.fits,16,4,48.0,2246.1,2096.0,1957.6,0.004401
OMEGA.2022-01-29T02:18:12.528.fits,29,5,48.0,1925.8,2096.0,1637.2,0.004401
