file_name,extension,ID,ang_vel[deg/s]
OMEGA.2022-01-02T00:35:59.042.astred.cal.fits,12,1,0.01158
OMEGA.2022-01-02T00:35:59.042.astred.cal.fits,12,2,0.004768
OMEGA.2022-01-02T00:35:59.042.astred.cal.fits,13,3,0.004752
OMEGA.2022-01-02T00:35:59.042.astred.cal.fits,25,4,0.004768
OMEGA.2022-01-02T00:35:59.042.astred.cal.fits,25,5,0.01158
OMEGA.2022-01-02T00:35:59.042.astred.cal.fits,26,6,0.004768
OMEGA.2022-01-02T00:35:59.042.astred.cal.fits,27,7,0.004768
OMEGA.2022-01-02T00:35:59.042.astred.cal.fits,29,8,0.01157
OMEGA.2022-01-02T00:59:16.697.astred.cal.fits,9,10,0.7071
OMEGA.2022-01-02T00:59:16.697.astred.cal.fits,13,1,0.7071
OMEGA.2022-01-02T00:59:16.697.astred.cal.fits,17,2,0.3751
OMEGA.2022-01-02T00:59:16.697.astred.cal.fits,22,3,0.3752
OMEGA.2022-01-02T00:59:16.697.astred.cal.fits,23,4,0.3752
OMEGA.2022-01-02T00:59:16.697.astred.cal.fits,27,5,0.3753
OMEGA.2022-01-02T00:59:16.697.astred.cal.fits,28,6,0.3753
OMEGA.2022-01-02T00:59:16.697.astred.cal.fits,32,8,0.3754
OMEGA.2022-01-02T03:19:53.631.astred.cal.fits,23,1,0.004682
OMEGA.2022-01-02T03:19:53.631.astred.cal.fits,24,2,0.004682
OMEGA.2022-01-02T06:18:43.121.astred.cal.fits,1,1,0.1625
OMEGA.2022-01-02T06:18:43.121.astred.cal.fits,2,3,0.1623
OMEGA.2022-01-02T06:18:43.121.astred.cal.fits,7,11,0.162
OMEGA.2022-01-02T06:18:43.121.astred.cal.fits,8,12,0.1618
OMEGA.2022-01-02T06:18:43.121.astred.cal.fits,25,4,0.1615
OMEGA.2022-01-02T06:18:43.121.astred.cal.fits,26,5,0.1613
OMEGA.2022-01-02T06:18:43.121.astred.cal.fits,27,6,0.1612
OMEGA.2022-01-02T06:18:43.121.astred.cal.fits,31,8,0.1611
OMEGA.2022-01-02T06:18:43.121.astred.cal.fits,32,10,0.1609
OMEGA.2022-01-02T06:30:52.304.astred.cal.fits,9,8,0.1408
OMEGA.2022-01-02T06:30:52.304.astred.cal.fits,10,1,0.1406
OMEGA.2022-01-02T06:30:52.304.astred.cal.fits,11,2,0.1403
OMEGA.2022-01-02T06:30:52.304.astred.cal.fits,12,4,0.14
OMEGA.2022-01-02T06:30:52.304.astred.cal.fits,22,5,0.1394
OMEGA.2022-01-02T06:30:52.304.astred.cal.fits,23,6,0.139
OMEGA.2022-01-02T06:30:52.304.astred.cal.fits,24,7,0.1387
OMEGA.2022-01-03T00:33:56.321.fits,28,1,0.004768
OMEGA.2022-01-03T01:11:55.387.fits,24,1,0.7213
OMEGA.2022-01-03T01:11:55.387.fits,27,2,0.7202
OMEGA.2022-01-03T01:11:55.387.fits,28,3,0.7208
OMEGA.2022-01-03T01:11:55.387.fits,30,4,0.719
OMEGA.2022-01-03T01:18:01.318.fits,19,1,0.479
OMEGA.2022-01-03T01:18:01.318.fits,23,2,0.4791
OMEGA.2022-01-03T01:18:01.318.fits,24,3,0.4791
OMEGA.2022-01-03T01:18:01.318.fits,28,4,0.4792
OMEGA.2022-01-03T02:20:08.139.fits,4,5,0.0569
OMEGA.2022-01-03T02:20:08.139.fits,8,6,0.0572
OMEGA.2022-01-03T02:20:08.139.fits,11,1,0.05752
OMEGA.2022-01-03T02:20:08.139.fits,12,2,0.05736
OMEGA.2022-01-03T02:20:08.139.fits,15,3,0.05781
OMEGA.2022-01-03T04:26:59.650.fits,26,5,0.003081
OMEGA.2022-01-03T04:26:59.650.fits,27,6,0.003075
OMEGA.2022-01-03T04:26:59.650.fits,29,7,0.004661
OMEGA.2022-01-03T04:26:59.650.fits,30,8,0.004661
OMEGA.2022-01-03T07:26:28.711.fits,2,5,0.3983
OMEGA.2022-01-03T07:26:28.711.fits,6,8,0.399
OMEGA.2022-01-03T07:26:28.711.fits,10,1,0.3996
OMEGA.2022-01-03T07:26:28.711.fits,14,2,0.4001
OMEGA.2022-01-03T07:26:28.711.fits,15,3,0.4005
OMEGA.2022-01-03T07:26:28.711.fits,17,4,0.4663
OMEGA.2022-01-03T07:26:28.711.fits,25,6,0.4683
OMEGA.2022-01-03T07:26:28.711.fits,29,7,0.4692
OMEGA.2022-01-03T07:32:33.192.fits,2,1,0.23
OMEGA.2022-01-03T07:32:33.192.fits,5,4,0.2308
OMEGA.2022-01-03T08:01:32.026.fits,3,3,0.385
OMEGA.2022-01-03T08:01:32.026.fits,6,4,0.3861
OMEGA.2022-01-03T08:01:32.026.fits,13,1,0.3884
OMEGA.2022-01-03T08:01:32.026.fits,14,2,0.3879
OMEGA.2022-01-04T01:11:08.716.astred.cal.fits,1,1,0.3492
OMEGA.2022-01-04T01:11:08.716.astred.cal.fits,4,7,0.02261
OMEGA.2022-01-04T01:11:08.716.astred.cal.fits,6,8,0.02265
OMEGA.2022-01-04T01:11:08.716.astred.cal.fits,6,9,0.02265
OMEGA.2022-01-04T01:11:08.716.astred.cal.fits,7,10,0.02264
OMEGA.2022-01-04T01:11:08.716.astred.cal.fits,8,11,0.02262
OMEGA.2022-01-04T01:11:08.716.astred.cal.fits,9,12,0.02267
OMEGA.2022-01-04T01:11:08.716.astred.cal.fits,10,2,0.02266
OMEGA.2022-01-04T01:11:08.716.astred.cal.fits,11,3,0.3494
OMEGA.2022-01-04T01:11:08.716.astred.cal.fits,15,4,0.3494
OMEGA.2022-01-04T01:11:08.716.astred.cal.fits,17,5,0.02259
OMEGA.2022-01-04T01:11:08.716.astred.cal.fits,18,6,0.02258
OMEGA.2022-01-04T01:17:13.178.astred.cal.fits,18,2,0.7383
OMEGA.2022-01-04T01:17:13.178.astred.cal.fits,22,3,0.7376
OMEGA.2022-01-04T01:17:13.178.astred.cal.fits,25,4,0.7368
OMEGA.2022-01-04T01:17:13.178.astred.cal.fits,26,5,0.7372
OMEGA.2022-01-04T01:17:13.178.astred.cal.fits,29,6,0.7362
OMEGA.2022-01-04T01:49:30.183.astred.cal.fits,7,4,0.4344
OMEGA.2022-01-04T01:49:30.183.astred.cal.fits,8,5,0.4338
OMEGA.2022-01-04T01:49:30.183.astred.cal.fits,22,1,0.4325
OMEGA.2022-01-04T01:49:30.183.astred.cal.fits,23,2,0.4319
OMEGA.2022-01-04T01:49:30.183.astred.cal.fits,24,3,0.4313
OMEGA.2022-01-04T03:08:57.016.astred.cal.fits,6,18,0.004683
OMEGA.2022-01-04T03:08:57.016.astred.cal.fits,7,20,0.004683
OMEGA.2022-01-04T03:08:57.016.astred.cal.fits,8,24,0.004683
OMEGA.2022-01-04T03:08:57.016.astred.cal.fits,13,2,0.004651
OMEGA.2022-01-04T03:08:57.016.astred.cal.fits,14,3,0.00465
OMEGA.2022-01-04T03:08:57.016.astred.cal.fits,15,6,0.00465
OMEGA.2022-01-04T03:08:57.016.astred.cal.fits,16,7,0.00465
OMEGA.2022-01-04T03:08:57.016.astred.cal.fits,22,8,0.004683
OMEGA.2022-01-04T03:08:57.016.astred.cal.fits,23,9,0.004682
OMEGA.2022-01-04T03:08:57.016.astred.cal.fits,24,10,0.004682
OMEGA.2022-01-04T03:15:01.467.astred.cal.fits,6,5,0.00503
OMEGA.2022-01-04T03:15:01.467.astred.cal.fits,7,6,0.005053
OMEGA.2022-01-04T03:15:01.467.astred.cal.fits,8,8,0.005078
OMEGA.2022-01-04T03:15:01.467.astred.cal.fits,22,1,0.005127
OMEGA.2022-01-04T03:15:01.467.astred.cal.fits,24,2,0.005176
OMEGA.2022-01-04T03:15:01.467.astred.cal.fits,31,3,0.00465
OMEGA.2022-01-04T03:15:01.467.astred.cal.fits,32,4,0.004649
OMEGA.2022-01-04T03:36:09.901.astred.cal.fits,5,17,0.02464
OMEGA.2022-01-04T03:36:09.901.astred.cal.fits,6,18,0.02472
OMEGA.2022-01-04T03:36:09.901.astred.cal.fits,7,19,0.02481
OMEGA.2022-01-04T03:36:09.901.astred.cal.fits,8,20,0.02489
OMEGA.2022-01-04T03:36:09.901.astred.cal.fits,22,4,0.02506
OMEGA.2022-01-04T03:36:09.901.astred.cal.fits,23,7,0.02515
OMEGA.2022-01-04T03:36:09.901.astred.cal.fits,24,8,0.02524
OMEGA.2022-01-04T04:12:21.796.astred.cal.fits,27,1,0.006042
OMEGA.2022-01-04T07:54:15.943.astred.cal.fits,24,1,0.572
OMEGA.2022-01-04T07:54:15.943.astred.cal.fits,28,2,0.5731
OMEGA.2022-01-04T07:54:15.943.astred.cal.fits,31,3,0.5757
OMEGA.2022-01-04T07:54:15.943.astred.cal.fits,32,4,0.5747
OMEGA.2022-01-04T08:00:20.403.astred.cal.fits,8,11,0.6402
OMEGA.2022-01-04T08:00:20.403.astred.cal.fits,10,1,0.6433
OMEGA.2022-01-04T08:00:20.403.astred.cal.fits,11,2,0.6419
OMEGA.2022-01-04T08:00:20.403.astred.cal.fits,12,3,0.6409
OMEGA.2022-01-04T08:00:20.403.astred.cal.fits,13,4,0.6449
OMEGA.2022-01-04T08:00:20.403.astred.cal.fits,19,6,0.636
OMEGA.2022-01-04T08:00:20.403.astred.cal.fits,19,7,0.636
OMEGA.2022-01-04T08:00:20.403.astred.cal.fits,20,8,0.6345
OMEGA.2022-01-04T08:00:20.403.astred.cal.fits,22,9,0.6377
OMEGA.2022-01-04T08:12:29.356.astred.cal.fits,3,3,0.7386
OMEGA.2022-01-04T08:12:29.356.astred.cal.fits,4,4,0.7373
OMEGA.2022-01-04T08:12:29.356.astred.cal.fits,6,5,0.7417
OMEGA.2022-01-04T08:12:29.356.astred.cal.fits,7,6,0.7404
OMEGA.2022-01-04T08:12:29.356.astred.cal.fits,10,1,0.7434
OMEGA.2022-01-04T08:12:29.356.astred.cal.fits,13,2,0.7459
OMEGA.2022-01-05T01:03:01.884.fits,17,1,0.3299
OMEGA.2022-01-05T01:03:01.884.fits,25,2,0.3296
OMEGA.2022-01-05T01:03:01.884.fits,29,3,0.3294
OMEGA.2022-01-05T01:09:06.355.fits,4,4,0.4501
OMEGA.2022-01-05T01:09:06.355.fits,25,1,0.4499
OMEGA.2022-01-05T01:09:06.355.fits,29,2,0.4498
OMEGA.2022-01-05T01:09:06.355.fits,30,3,0.4497
OMEGA.2022-01-05T03:08:56.835.fits,22,1,0.007944
OMEGA.2022-01-05T03:08:56.835.fits,23,3,0.007899
OMEGA.2022-01-05T03:08:56.835.fits,27,4,0.007871
OMEGA.2022-01-05T03:08:56.835.fits,28,5,0.007831
OMEGA.2022-01-05T03:21:06.797.fits,13,1,0.004649
OMEGA.2022-01-05T03:21:06.797.fits,14,2,0.004649
OMEGA.2022-01-05T03:21:06.797.fits,15,3,0.004649
OMEGA.2022-01-05T03:21:06.797.fits,16,4,0.004649
OMEGA.2022-01-05T03:21:06.797.fits,29,6,0.004649
OMEGA.2022-01-05T03:21:06.797.fits,30,8,0.004648
OMEGA.2022-01-05T03:21:06.797.fits,31,9,0.004648
OMEGA.2022-01-05T03:21:06.797.fits,32,10,0.004648
OMEGA.2022-01-05T03:49:22.562.fits,2,2,0.03596
OMEGA.2022-01-05T03:49:22.562.fits,3,7,0.036
OMEGA.2022-01-05T03:49:22.562.fits,4,8,0.03604
OMEGA.2022-01-05T03:49:22.562.fits,17,1,0.03606
OMEGA.2022-01-05T03:49:22.562.fits,22,3,0.03613
OMEGA.2022-01-05T03:49:22.562.fits,23,4,0.03617
OMEGA.2022-01-05T03:49:22.562.fits,24,5,0.0362
OMEGA.2022-01-05T03:49:22.562.fits,28,6,0.03622
OMEGA.2022-01-05T05:55:51.673.fits,16,1,0.009825
OMEGA.2022-01-05T05:55:51.673.fits,27,2,0.009818
OMEGA.2022-01-05T05:55:51.673.fits,28,3,0.009816
OMEGA.2022-01-05T05:55:51.673.fits,29,6,0.009823
OMEGA.2022-01-05T05:55:51.673.fits,30,7,0.009821
OMEGA.2022-01-05T05:55:51.673.fits,31,8,0.009819
OMEGA.2022-01-05T06:01:56.454.fits,2,1,0.2033
OMEGA.2022-01-05T06:01:56.454.fits,3,3,0.2029
OMEGA.2022-01-05T06:01:56.454.fits,5,5,0.204
OMEGA.2022-01-05T06:01:56.454.fits,6,6,0.2037
OMEGA.2022-01-05T06:01:56.454.fits,9,7,0.2044
OMEGA.2022-01-05T06:08:00.955.fits,5,6,0.01095
OMEGA.2022-01-05T06:08:00.955.fits,19,1,0.1445
OMEGA.2022-01-05T06:08:00.955.fits,20,2,0.1445
OMEGA.2022-01-05T06:08:00.955.fits,24,3,0.1444
OMEGA.2022-01-05T06:14:06.166.fits,4,8,0.011
OMEGA.2022-01-05T06:14:06.166.fits,8,9,0.2567
OMEGA.2022-01-05T06:14:06.166.fits,12,1,0.2572
OMEGA.2022-01-05T06:14:06.166.fits,15,2,0.258
OMEGA.2022-01-05T06:14:06.166.fits,17,3,0.011
OMEGA.2022-01-05T06:14:06.166.fits,17,4,0.2557
OMEGA.2022-01-05T06:36:26.320.fits,12,2,0.004875
OMEGA.2022-01-05T06:36:26.320.fits,25,6,0.00486
OMEGA.2022-01-05T06:36:26.320.fits,26,7,0.004845
OMEGA.2022-01-05T06:36:26.320.fits,27,8,0.00483
OMEGA.2022-01-05T06:36:26.320.fits,28,9,0.004815
OMEGA.2022-01-05T06:56:39.953.fits,5,7,0.004796
OMEGA.2022-01-05T06:56:39.953.fits,6,10,0.004796
OMEGA.2022-01-05T06:56:39.953.fits,7,11,0.004797
OMEGA.2022-01-05T06:56:39.953.fits,20,1,0.004797
OMEGA.2022-01-05T06:56:39.953.fits,22,3,0.004797
OMEGA.2022-01-05T06:56:39.953.fits,23,4,0.004797
OMEGA.2022-01-06T01:17:50.898.astred.cal.fits,2,4,0.2675
OMEGA.2022-01-06T01:17:50.898.astred.cal.fits,3,7,0.2676
OMEGA.2022-01-06T01:17:50.898.astred.cal.fits,7,9,0.2676
OMEGA.2022-01-06T01:17:50.898.astred.cal.fits,12,2,0.2677
OMEGA.2022-01-06T01:17:50.898.astred.cal.fits,16,3,0.2677
OMEGA.2022-01-06T01:17:50.898.astred.cal.fits,29,6,0.2678
OMEGA.2022-01-06T02:13:19.028.astred.cal.fits,3,6,0.2111
OMEGA.2022-01-06T02:13:19.028.astred.cal.fits,4,8,0.2112
OMEGA.2022-01-06T02:13:19.028.astred.cal.fits,22,1,0.2114
OMEGA.2022-01-06T02:13:19.028.astred.cal.fits,26,3,0.2115
OMEGA.2022-01-06T02:13:19.028.astred.cal.fits,27,4,0.2116
OMEGA.2022-01-06T02:13:19.028.astred.cal.fits,32,7,0.2117
OMEGA.2022-01-06T02:19:23.658.astred.cal.fits,12,1,0.002911
OMEGA.2022-01-06T02:19:23.658.astred.cal.fits,25,2,0.002901
OMEGA.2022-01-06T02:57:46.595.astred.cal.fits,5,4,0.004683
OMEGA.2022-01-06T02:57:46.595.astred.cal.fits,6,5,0.004683
OMEGA.2022-01-06T02:57:46.595.astred.cal.fits,7,6,0.004683
OMEGA.2022-01-06T02:57:46.595.astred.cal.fits,8,7,0.004683
OMEGA.2022-01-06T02:57:46.595.astred.cal.fits,22,1,0.004682
OMEGA.2022-01-06T03:03:51.066.astred.cal.fits,24,1,0.004682
OMEGA.2022-01-06T03:27:46.260.astred.cal.fits,18,1,0.1649
OMEGA.2022-01-06T03:27:46.260.astred.cal.fits,19,2,0.1651
OMEGA.2022-01-06T03:27:46.260.astred.cal.fits,24,3,0.1654
OMEGA.2022-01-06T06:06:38.127.astred.cal.fits,24,2,0.2539
OMEGA.2022-01-06T06:06:38.127.astred.cal.fits,28,3,0.2543
OMEGA.2022-01-06T06:06:38.127.astred.cal.fits,31,5,0.2552
OMEGA.2022-01-06T06:18:48.449.astred.cal.fits,12,1,0.7445
OMEGA.2022-01-07T01:17:47.341.fits,1,1,0.6373
OMEGA.2022-01-07T01:17:47.341.fits,5,2,0.6367
OMEGA.2022-01-07T01:17:47.341.fits,9,4,0.6364
OMEGA.2022-01-07T01:23:52.192.fits,3,8,0.526
OMEGA.2022-01-07T01:23:52.192.fits,4,9,0.5266
OMEGA.2022-01-07T01:23:52.192.fits,17,2,0.5272
OMEGA.2022-01-07T01:23:52.192.fits,22,3,0.5279
OMEGA.2022-01-07T01:23:52.192.fits,23,4,0.5285
OMEGA.2022-01-07T01:23:52.192.fits,24,6,0.5291
OMEGA.2022-01-07T01:34:16.114.fits,5,3,0.08421
OMEGA.2022-01-07T01:34:16.114.fits,6,4,0.08399
OMEGA.2022-01-07T01:34:16.114.fits,7,6,0.08378
OMEGA.2022-01-07T01:34:16.114.fits,8,7,0.08356
OMEGA.2022-01-07T01:34:16.114.fits,22,1,0.08313
OMEGA.2022-01-07T01:34:16.114.fits,23,2,0.08291
OMEGA.2022-01-07T01:40:20.875.fits,20,1,0.2587
OMEGA.2022-01-07T01:40:20.875.fits,24,2,0.2585
OMEGA.2022-01-07T01:40:20.875.fits,28,3,0.2583
OMEGA.2022-01-07T01:40:20.875.fits,32,4,0.258
OMEGA.2022-01-07T01:52:29.837.fits,26,1,0.01059
OMEGA.2022-01-07T02:19:39.241.fits,8,12,0.1918
OMEGA.2022-01-07T02:19:39.241.fits,10,1,0.1918
OMEGA.2022-01-07T02:19:39.241.fits,11,2,0.1918
OMEGA.2022-01-07T02:19:39.241.fits,12,3,0.1918
OMEGA.2022-01-07T02:19:39.241.fits,13,4,0.1919
OMEGA.2022-01-07T02:19:39.241.fits,19,5,0.1916
OMEGA.2022-01-07T02:19:39.241.fits,20,6,0.1915
OMEGA.2022-01-07T02:19:39.241.fits,22,8,0.1917
OMEGA.2022-01-07T02:46:09.096.fits,12,1,0.006412
OMEGA.2022-01-07T02:46:09.096.fits,16,2,0.006439
OMEGA.2022-01-07T03:36:21.804.fits,1,1,0.2077
OMEGA.2022-01-07T03:36:21.804.fits,5,4,0.2077
OMEGA.2022-01-07T03:36:21.804.fits,9,5,0.2077
OMEGA.2022-01-07T03:36:21.804.fits,10,2,0.2077
OMEGA.2022-01-07T03:36:21.804.fits,14,3,0.2076
OMEGA.2022-01-07T03:42:26.405.fits,28,1,0.1302
OMEGA.2022-01-07T03:42:26.405.fits,32,2,0.13
OMEGA.2022-01-07T03:48:30.986.fits,1,1,0.202
OMEGA.2022-01-07T03:48:30.986.fits,5,3,0.202
OMEGA.2022-01-07T03:48:30.986.fits,9,4,0.202
OMEGA.2022-01-07T03:48:30.986.fits,14,2,0.202
OMEGA.2022-01-08T01:17:35.453.astred.cal.fits,4,3,0.114
OMEGA.2022-01-08T01:17:35.453.astred.cal.fits,7,4,0.114
OMEGA.2022-01-08T01:17:35.453.astred.cal.fits,8,5,0.114
OMEGA.2022-01-08T01:17:35.453.astred.cal.fits,11,1,0.114
OMEGA.2022-01-08T01:17:35.453.astred.cal.fits,14,2,0.1141
OMEGA.2022-01-08T02:47:50.119.astred.cal.fits,5,1,0.004683
OMEGA.2022-01-08T02:53:55.149.astred.cal.fits,22,1,0.004682
OMEGA.2022-01-08T02:53:55.149.astred.cal.fits,23,2,0.004682
OMEGA.2022-01-08T02:53:55.149.astred.cal.fits,24,3,0.004682
OMEGA.2022-01-08T03:57:58.470.astred.cal.fits,14,2,0.004772
OMEGA.2022-01-08T03:57:58.470.astred.cal.fits,15,3,0.004772
OMEGA.2022-01-08T03:57:58.470.astred.cal.fits,16,4,0.004772
OMEGA.2022-01-08T04:24:26.654.astred.cal.fits,5,3,0.002381
OMEGA.2022-01-08T04:24:26.654.astred.cal.fits,6,4,0.002383
OMEGA.2022-01-08T04:30:31.115.astred.cal.fits,7,6,0.002385
OMEGA.2022-01-08T04:30:31.115.astred.cal.fits,8,7,0.002386
OMEGA.2022-01-08T04:30:31.115.astred.cal.fits,22,2,0.00239
OMEGA.2022-01-08T04:30:31.115.astred.cal.fits,23,3,0.002392
OMEGA.2022-01-08T04:30:31.115.astred.cal.fits,24,4,0.002394
OMEGA.2022-01-08T07:33:36.496.astred.cal.fits,5,8,0.1241
OMEGA.2022-01-08T07:33:36.496.astred.cal.fits,6,9,0.002327
OMEGA.2022-01-08T07:33:36.496.astred.cal.fits,7,10,0.002329
OMEGA.2022-01-08T07:33:36.496.astred.cal.fits,8,11,0.002331
OMEGA.2022-01-08T07:33:36.496.astred.cal.fits,10,1,0.1239
OMEGA.2022-01-08T07:33:36.496.astred.cal.fits,11,2,0.1238
OMEGA.2022-01-08T07:33:36.496.astred.cal.fits,11,3,0.1238
OMEGA.2022-01-08T07:33:36.496.astred.cal.fits,12,4,0.7109
OMEGA.2022-01-08T07:33:36.496.astred.cal.fits,16,5,0.1237
OMEGA.2022-01-08T07:33:36.496.astred.cal.fits,17,6,0.718
OMEGA.2022-01-08T07:33:36.496.astred.cal.fits,29,7,0.1236
OMEGA.2022-01-08T07:39:40.827.astred.cal.fits,14,1,0.004426
OMEGA.2022-01-08T07:39:40.827.astred.cal.fits,15,2,0.004417
OMEGA.2022-01-08T07:39:40.827.astred.cal.fits,24,3,0.002339
OMEGA.2022-01-08T08:08:42.272.astred.cal.fits,15,1,0.3103
OMEGA.2022-01-08T08:08:42.272.astred.cal.fits,20,2,0.3052
OMEGA.2022-01-08T08:08:42.272.astred.cal.fits,22,3,0.3073
OMEGA.2022-01-08T08:08:42.272.astred.cal.fits,23,4,0.3063
OMEGA.2022-01-08T08:08:42.272.astred.cal.fits,24,5,0.3058
OMEGA.2022-01-08T08:08:42.272.astred.cal.fits,26,6,0.3078
OMEGA.2022-01-09T00:57:12.382.fits,9,9,0.1175
OMEGA.2022-01-09T00:57:12.382.fits,10,1,0.1173
OMEGA.2022-01-09T00:57:12.382.fits,11,2,0.117
OMEGA.2022-01-09T00:57:12.382.fits,12,3,0.1168
OMEGA.2022-01-09T00:57:12.382.fits,25,4,0.1166
OMEGA.2022-01-09T00:57:12.382.fits,30,5,0.1163
OMEGA.2022-01-09T00:57:12.382.fits,31,6,0.1161
OMEGA.2022-01-09T00:57:12.382.fits,32,7,0.1159
OMEGA.2022-01-09T01:31:30.618.fits,17,1,0.3396
OMEGA.2022-01-09T01:31:30.618.fits,22,3,0.34
OMEGA.2022-01-09T01:31:30.618.fits,27,5,0.3402
OMEGA.2022-01-09T01:31:30.618.fits,28,6,0.3404
OMEGA.2022-01-09T01:31:30.618.fits,32,7,0.3405
OMEGA.2022-01-09T02:00:38.023.fits,18,1,0.02029
OMEGA.2022-01-09T02:00:38.023.fits,22,2,0.02018
OMEGA.2022-01-09T02:00:38.023.fits,25,3,0.02
OMEGA.2022-01-09T02:00:38.023.fits,29,4,0.01985
OMEGA.2022-01-10T01:23:14.692.fits,3,4,0.4599
OMEGA.2022-01-10T01:23:14.692.fits,4,7,0.4601
OMEGA.2022-01-10T01:23:14.692.fits,8,8,0.4602
OMEGA.2022-01-10T01:23:14.692.fits,25,1,0.4605
OMEGA.2022-01-10T01:23:14.692.fits,26,2,0.4607
OMEGA.2022-01-10T01:23:14.692.fits,30,5,0.4608
OMEGA.2022-01-10T01:23:14.692.fits,31,6,0.4609
OMEGA.2022-01-10T01:35:23.324.fits,5,4,0.3957
OMEGA.2022-01-10T01:35:23.324.fits,9,6,0.3958
OMEGA.2022-01-10T01:35:23.324.fits,10,1,0.396
OMEGA.2022-01-10T01:35:23.324.fits,14,2,0.3962
OMEGA.2022-01-10T01:35:23.324.fits,15,3,0.3964
OMEGA.2022-01-10T01:41:28.076.fits,12,2,0.2588
OMEGA.2022-01-10T01:41:28.076.fits,15,4,0.2582
OMEGA.2022-01-10T01:41:28.076.fits,16,6,0.2585
OMEGA.2022-01-10T01:41:28.076.fits,17,7,0.2596
OMEGA.2022-01-10T01:41:28.076.fits,18,8,0.2597
OMEGA.2022-01-10T01:41:28.076.fits,25,9,0.259
OMEGA.2022-01-10T05:04:04.280.fits,2,5,0.02324
OMEGA.2022-01-10T05:04:04.280.fits,3,10,0.02325
OMEGA.2022-01-10T05:04:04.280.fits,4,11,0.02326
OMEGA.2022-01-10T05:04:04.280.fits,17,1,0.02327
OMEGA.2022-01-10T05:04:04.280.fits,18,2,0.02328
OMEGA.2022-01-10T05:04:04.280.fits,22,7,0.02329
OMEGA.2022-01-10T05:04:04.280.fits,23,8,0.02329
OMEGA.2022-01-10T05:04:04.280.fits,24,9,0.0233
OMEGA.2022-01-10T05:10:08.961.fits,24,1,0.1846
OMEGA.2022-01-10T05:10:08.961.fits,27,2,0.1852
OMEGA.2022-01-10T05:10:08.961.fits,30,4,0.1859
OMEGA.2022-01-10T05:53:40.078.fits,17,4,0.01004
OMEGA.2022-01-10T05:53:40.078.fits,18,5,0.01004
OMEGA.2022-01-10T05:53:40.078.fits,23,6,0.01004
OMEGA.2022-01-10T05:53:40.078.fits,24,7,0.01004
OMEGA.2022-01-11T06:24:28.901.fits,2,2,0.0426
OMEGA.2022-01-11T06:24:28.901.fits,3,8,0.04264
OMEGA.2022-01-11T06:24:28.901.fits,4,9,0.04267
OMEGA.2022-01-11T06:24:28.901.fits,8,10,0.04269
OMEGA.2022-01-11T06:24:28.901.fits,22,3,0.04276
OMEGA.2022-01-11T06:24:28.901.fits,27,5,0.04281
OMEGA.2022-01-11T06:24:28.901.fits,28,7,0.04284
OMEGA.2022-01-11T06:44:58.104.fits,2,3,0.1224
OMEGA.2022-01-11T06:44:58.104.fits,6,5,0.1223
OMEGA.2022-01-11T06:44:58.104.fits,10,1,0.1222
OMEGA.2022-01-11T06:44:58.104.fits,14,2,0.1222
OMEGA.2022-01-11T07:04:39.488.fits,7,10,0.01152
OMEGA.2022-01-11T07:04:39.488.fits,11,1,0.01152
OMEGA.2022-01-11T07:04:39.488.fits,12,3,0.01151
OMEGA.2022-01-11T07:04:39.488.fits,16,6,0.01151
OMEGA.2022-01-11T07:04:39.488.fits,29,8,0.01151
OMEGA.2022-01-11T08:06:27.669.fits,20,1,0.3046
OMEGA.2022-01-11T08:06:27.669.fits,24,2,0.3053
OMEGA.2022-01-11T08:06:27.669.fits,28,3,0.3061
OMEGA.2022-01-11T08:06:27.669.fits,32,5,0.3067
OMEGA.2022-01-12T01:02:45.816.astred.cal.fits,18,2,0.2675
OMEGA.2022-01-12T01:02:45.816.astred.cal.fits,25,4,0.2669
OMEGA.2022-01-12T01:02:45.816.astred.cal.fits,29,5,0.2665
OMEGA.2022-01-12T01:18:35.369.astred.cal.fits,12,2,0.6901
OMEGA.2022-01-12T01:18:35.369.astred.cal.fits,15,4,0.6885
OMEGA.2022-01-12T01:18:35.369.astred.cal.fits,18,6,0.693
OMEGA.2022-01-12T01:18:35.369.astred.cal.fits,19,7,0.6938
OMEGA.2022-01-12T01:46:13.423.astred.cal.fits,9,7,0.2216
OMEGA.2022-01-12T01:46:13.423.astred.cal.fits,10,1,0.2219
OMEGA.2022-01-12T01:46:13.423.astred.cal.fits,14,2,0.2221
OMEGA.2022-01-12T01:46:13.423.astred.cal.fits,15,3,0.2224
OMEGA.2022-01-12T02:17:31.769.astred.cal.fits,1,1,0.02994
OMEGA.2022-01-12T02:17:31.769.astred.cal.fits,2,5,0.02993
OMEGA.2022-01-12T02:17:31.769.astred.cal.fits,3,7,0.02991
OMEGA.2022-01-12T02:17:31.769.astred.cal.fits,4,8,0.0299
OMEGA.2022-01-12T02:17:31.769.astred.cal.fits,17,2,0.02989
OMEGA.2022-01-12T02:17:31.769.astred.cal.fits,18,3,0.02988
OMEGA.2022-01-12T02:17:31.769.astred.cal.fits,19,4,0.02986
OMEGA.2022-01-12T02:17:31.769.astred.cal.fits,20,6,0.02985
OMEGA.2022-01-12T02:35:45.432.astred.cal.fits,5,15,0.004682
OMEGA.2022-01-12T02:35:45.432.astred.cal.fits,5,16,0.03047
OMEGA.2022-01-12T02:35:45.432.astred.cal.fits,5,17,0.03047
OMEGA.2022-01-12T02:35:45.432.astred.cal.fits,6,18,0.004682
OMEGA.2022-01-12T02:35:45.432.astred.cal.fits,6,19,0.03046
OMEGA.2022-01-12T02:35:45.432.astred.cal.fits,6,20,0.03046
OMEGA.2022-01-12T02:35:45.432.astred.cal.fits,7,21,0.004682
OMEGA.2022-01-12T02:35:45.432.astred.cal.fits,7,22,0.03045
OMEGA.2022-01-12T02:35:45.432.astred.cal.fits,7,23,0.0304
OMEGA.2022-01-12T02:35:45.432.astred.cal.fits,8,24,0.03044
OMEGA.2022-01-12T02:35:45.432.astred.cal.fits,8,25,0.004682
OMEGA.2022-01-12T02:35:45.432.astred.cal.fits,8,26,0.03039
OMEGA.2022-01-12T02:35:45.432.astred.cal.fits,22,2,0.03042
OMEGA.2022-01-12T02:35:45.432.astred.cal.fits,22,3,0.004682
OMEGA.2022-01-12T02:35:45.432.astred.cal.fits,22,4,0.03042
OMEGA.2022-01-12T02:35:45.432.astred.cal.fits,23,5,0.0304
OMEGA.2022-01-12T02:35:45.432.astred.cal.fits,23,6,0.03036
OMEGA.2022-01-12T02:35:45.432.astred.cal.fits,23,7,0.004682
OMEGA.2022-01-12T02:35:45.432.astred.cal.fits,24,8,0.004682
OMEGA.2022-01-12T02:35:45.432.astred.cal.fits,24,9,0.03039
OMEGA.2022-01-12T02:35:45.432.astred.cal.fits,24,10,0.03039
OMEGA.2022-01-13T00:46:07.341.astred.cal.fits,9,9,0.006358
OMEGA.2022-01-13T00:46:07.341.astred.cal.fits,10,1,0.00638
OMEGA.2022-01-13T00:46:07.341.astred.cal.fits,11,2,0.006409
OMEGA.2022-01-13T00:46:07.341.astred.cal.fits,12,3,0.006438
OMEGA.2022-01-13T00:46:07.341.astred.cal.fits,13,4,0.00634
OMEGA.2022-01-13T00:46:07.341.astred.cal.fits,22,5,0.006496
OMEGA.2022-01-13T00:46:07.341.astred.cal.fits,23,6,0.006526
OMEGA.2022-01-13T00:46:07.341.astred.cal.fits,24,7,0.006551
OMEGA.2022-01-13T02:16:30.627.astred.cal.fits,2,5,0.03002
OMEGA.2022-01-13T02:16:30.627.astred.cal.fits,3,7,0.03001
OMEGA.2022-01-13T02:16:30.627.astred.cal.fits,4,8,0.02999
OMEGA.2022-01-13T02:16:30.627.astred.cal.fits,17,2,0.02998
OMEGA.2022-01-13T02:16:30.627.astred.cal.fits,18,3,0.02997
OMEGA.2022-01-13T02:16:30.627.astred.cal.fits,19,4,0.02996
OMEGA.2022-01-13T02:16:30.627.astred.cal.fits,20,6,0.02994
OMEGA.2022-01-13T02:28:39.808.astred.cal.fits,1,1,0.02948
OMEGA.2022-01-13T02:28:39.808.astred.cal.fits,2,5,0.004704
OMEGA.2022-01-13T02:28:39.808.astred.cal.fits,3,7,0.004703
OMEGA.2022-01-13T02:28:39.808.astred.cal.fits,4,8,0.004703
OMEGA.2022-01-13T02:28:39.808.astred.cal.fits,5,9,0.004682
OMEGA.2022-01-13T02:28:39.808.astred.cal.fits,6,10,0.004682
OMEGA.2022-01-13T02:28:39.808.astred.cal.fits,7,11,0.004682
OMEGA.2022-01-13T02:28:39.808.astred.cal.fits,8,12,0.004682
OMEGA.2022-01-13T02:28:39.808.astred.cal.fits,17,2,0.004703
OMEGA.2022-01-13T02:28:39.808.astred.cal.fits,18,3,0.004703
OMEGA.2022-01-13T02:28:39.808.astred.cal.fits,19,4,0.004703
OMEGA.2022-01-13T02:28:39.808.astred.cal.fits,20,6,0.004703
OMEGA.2022-01-13T02:34:44.599.astred.cal.fits,5,10,0.03055
OMEGA.2022-01-13T02:34:44.599.astred.cal.fits,5,11,0.0305
OMEGA.2022-01-13T02:34:44.599.astred.cal.fits,6,12,0.03054
OMEGA.2022-01-13T02:34:44.599.astred.cal.fits,7,13,0.03053
OMEGA.2022-01-13T02:34:44.599.astred.cal.fits,7,14,0.03053
OMEGA.2022-01-13T02:34:44.599.astred.cal.fits,8,15,0.03052
OMEGA.2022-01-13T02:34:44.599.astred.cal.fits,8,16,0.03052
OMEGA.2022-01-13T02:34:44.599.astred.cal.fits,22,1,0.03049
OMEGA.2022-01-13T02:34:44.599.astred.cal.fits,22,2,0.03049
OMEGA.2022-01-13T02:34:44.599.astred.cal.fits,22,3,0.004682
OMEGA.2022-01-13T02:34:44.599.astred.cal.fits,23,4,0.03048
OMEGA.2022-01-13T02:34:44.599.astred.cal.fits,23,5,0.03044
OMEGA.2022-01-13T02:34:44.599.astred.cal.fits,23,6,0.004682
OMEGA.2022-01-13T02:34:44.599.astred.cal.fits,24,7,0.004682
OMEGA.2022-01-13T02:34:44.599.astred.cal.fits,24,8,0.03047
OMEGA.2022-01-13T02:34:44.599.astred.cal.fits,24,9,0.03047
OMEGA.2022-01-13T05:43:05.752.astred.cal.fits,23,1,0.4004
OMEGA.2022-01-13T06:35:33.321.astred.cal.fits,2,4,0.02007
OMEGA.2022-01-13T06:35:33.321.astred.cal.fits,3,9,0.004797
OMEGA.2022-01-13T06:35:33.321.astred.cal.fits,3,10,0.02011
OMEGA.2022-01-13T06:35:33.321.astred.cal.fits,4,11,0.004797
OMEGA.2022-01-13T06:35:33.321.astred.cal.fits,5,13,0.004796
OMEGA.2022-01-13T06:35:33.321.astred.cal.fits,17,1,0.004797
OMEGA.2022-01-13T06:35:33.321.astred.cal.fits,18,3,0.004797
OMEGA.2022-01-13T06:35:33.321.astred.cal.fits,20,5,0.01393
OMEGA.2022-01-13T06:35:33.321.astred.cal.fits,22,6,0.02021
OMEGA.2022-01-13T06:35:33.321.astred.cal.fits,23,7,0.02025
OMEGA.2022-01-13T06:35:33.321.astred.cal.fits,24,8,0.02028
OMEGA.2022-01-13T06:42:17.793.astred.cal.fits,20,4,0.004797
OMEGA.2022-01-16T01:05:51.698.fits,4,1,0.3302
OMEGA.2022-01-16T01:05:51.698.fits,8,2,0.3299
OMEGA.2022-01-16T01:11:56.269.fits,4,7,0.7205
OMEGA.2022-01-16T01:11:56.269.fits,17,1,0.7208
OMEGA.2022-01-16T01:11:56.269.fits,22,2,0.7212
OMEGA.2022-01-16T01:11:56.269.fits,23,3,0.7215
OMEGA.2022-01-16T01:11:56.269.fits,27,4,0.7216
OMEGA.2022-01-16T01:11:56.269.fits,28,6,0.7219
OMEGA.2022-01-16T01:33:46.593.fits,16,1,0.05531
OMEGA.2022-01-16T01:33:46.593.fits,29,2,0.0555
OMEGA.2022-01-16T01:33:46.593.fits,30,3,0.05569
OMEGA.2022-01-16T01:33:46.593.fits,31,4,0.05589
OMEGA.2022-01-16T01:33:46.593.fits,32,5,0.05608
OMEGA.2022-01-17T01:24:19.995.fits,4,8,0.3968
OMEGA.2022-01-17T01:24:19.995.fits,8,9,0.3962
OMEGA.2022-01-17T01:24:19.995.fits,11,1,0.3953
OMEGA.2022-01-17T01:24:19.995.fits,12,2,0.3957
OMEGA.2022-01-17T01:24:19.995.fits,15,3,0.3947
OMEGA.2022-01-17T01:24:19.995.fits,17,4,0.3971
OMEGA.2022-01-17T01:24:19.995.fits,19,5,0.4008
OMEGA.2022-01-17T01:24:19.995.fits,20,6,0.4008
OMEGA.2022-01-17T01:24:19.995.fits,24,7,0.4008
OMEGA.2022-01-17T02:09:28.062.fits,5,4,0.2243
OMEGA.2022-01-17T02:09:28.062.fits,6,5,0.2244
OMEGA.2022-01-17T02:09:28.062.fits,11,1,0.2247
OMEGA.2022-01-17T02:09:28.062.fits,16,2,0.2249
OMEGA.2022-01-17T02:24:04.785.fits,5,5,0.04683
OMEGA.2022-01-17T02:24:04.785.fits,6,8,0.04703
OMEGA.2022-01-17T02:24:04.785.fits,7,9,0.04723
OMEGA.2022-01-17T02:24:04.785.fits,8,10,0.04742
OMEGA.2022-01-17T02:24:04.785.fits,17,1,0.04766
OMEGA.2022-01-17T02:24:04.785.fits,18,2,0.04784
OMEGA.2022-01-17T02:24:04.785.fits,19,3,0.04804
OMEGA.2022-01-17T02:24:04.785.fits,20,4,0.04825
OMEGA.2022-01-17T02:36:13.877.fits,1,1,0.003028
OMEGA.2022-01-17T02:36:13.877.fits,2,3,0.003037
OMEGA.2022-01-17T02:36:13.877.fits,3,6,0.003044
OMEGA.2022-01-17T02:36:13.877.fits,8,11,0.003054
OMEGA.2022-01-17T02:42:18.798.fits,24,1,0.003087
OMEGA.2022-01-17T06:59:02.103.fits,18,1,0.2012
OMEGA.2022-01-17T06:59:02.103.fits,31,2,0.1375
OMEGA.2022-01-17T06:59:02.103.fits,32,3,0.1374
OMEGA.2022-01-19T01:58:42.111.fits,17,1,0.2864
OMEGA.2022-01-19T01:58:42.111.fits,22,2,0.2865
OMEGA.2022-01-19T01:58:42.111.fits,26,3,0.2865
OMEGA.2022-01-19T01:58:42.111.fits,30,5,0.2866
OMEGA.2022-01-19T01:58:42.111.fits,31,6,0.2866
OMEGA.2022-01-19T02:20:26.865.fits,28,1,0.206
OMEGA.2022-01-19T02:20:26.865.fits,32,2,0.2058
OMEGA.2022-01-19T04:27:33.607.fits,16,2,0.1362
OMEGA.2022-01-19T04:27:33.607.fits,29,4,0.1358
OMEGA.2022-01-19T04:27:33.607.fits,30,5,0.1355
OMEGA.2022-01-19T04:27:33.607.fits,31,7,0.1351
OMEGA.2022-01-19T04:27:33.607.fits,32,8,0.1347
OMEGA.2022-01-19T04:58:39.792.fits,28,9,0.03093
OMEGA.2022-01-20T01:08:39.847.astred.cal.fits,3,16,0.4405
OMEGA.2022-01-20T01:08:39.847.astred.cal.fits,9,17,0.1121
OMEGA.2022-01-20T01:08:39.847.astred.cal.fits,10,1,0.1122
OMEGA.2022-01-20T01:08:39.847.astred.cal.fits,11,2,0.1122
OMEGA.2022-01-20T01:08:39.847.astred.cal.fits,11,5,0.1122
OMEGA.2022-01-20T01:08:39.847.astred.cal.fits,12,6,0.1123
OMEGA.2022-01-20T01:08:39.847.astred.cal.fits,12,8,0.1123
OMEGA.2022-01-20T01:08:39.847.astred.cal.fits,25,10,0.1123
OMEGA.2022-01-20T01:08:39.847.astred.cal.fits,26,11,0.1124
OMEGA.2022-01-20T01:08:39.847.astred.cal.fits,26,12,0.1124
OMEGA.2022-01-20T01:08:39.847.astred.cal.fits,27,13,0.1124
OMEGA.2022-01-20T01:08:39.847.astred.cal.fits,27,14,0.1124
OMEGA.2022-01-20T01:08:39.847.astred.cal.fits,28,15,0.1125
OMEGA.2022-01-20T01:30:58.461.astred.cal.fits,3,4,0.03198
OMEGA.2022-01-20T01:30:58.461.astred.cal.fits,4,5,0.03197
OMEGA.2022-01-20T01:30:58.461.astred.cal.fits,5,6,0.03202
OMEGA.2022-01-20T01:30:58.461.astred.cal.fits,6,7,0.032
OMEGA.2022-01-20T01:30:58.461.astred.cal.fits,17,1,0.03195
OMEGA.2022-01-20T01:30:58.461.astred.cal.fits,18,2,0.03193
OMEGA.2022-01-20T01:30:58.461.astred.cal.fits,19,3,0.03192
OMEGA.2022-01-20T01:55:34.105.astred.cal.fits,32,4,0.07495
OMEGA.2022-01-20T02:01:38.556.astred.cal.fits,5,2,0.004682
OMEGA.2022-01-20T02:01:38.556.astred.cal.fits,6,3,0.004682
OMEGA.2022-01-20T02:01:38.556.astred.cal.fits,7,4,0.004682
OMEGA.2022-01-20T02:01:38.556.astred.cal.fits,8,5,0.004682
OMEGA.2022-01-20T02:01:38.556.astred.cal.fits,24,1,0.01365
OMEGA.2022-01-20T02:07:43.147.astred.cal.fits,9,6,0.004802
OMEGA.2022-01-20T02:07:43.147.astred.cal.fits,10,1,0.004802
OMEGA.2022-01-20T02:07:43.147.astred.cal.fits,11,2,0.004803
OMEGA.2022-01-20T02:07:43.147.astred.cal.fits,23,3,0.004682
OMEGA.2022-01-20T02:07:43.147.astred.cal.fits,24,4,0.004682
OMEGA.2022-01-20T02:13:49.178.astred.cal.fits,22,1,0.03056
OMEGA.2022-01-20T02:13:49.178.astred.cal.fits,22,2,0.004803
OMEGA.2022-01-20T02:13:49.178.astred.cal.fits,23,3,0.03055
OMEGA.2022-01-20T02:13:49.178.astred.cal.fits,23,4,0.004803
OMEGA.2022-01-20T02:13:49.178.astred.cal.fits,24,5,0.004804
OMEGA.2022-01-20T02:13:49.178.astred.cal.fits,24,6,0.03054
OMEGA.2022-01-20T03:18:25.909.astred.cal.fits,13,1,0.00469
OMEGA.2022-01-20T03:18:25.909.astred.cal.fits,14,2,0.00469
OMEGA.2022-01-20T03:18:25.909.astred.cal.fits,14,3,0.00469
OMEGA.2022-01-20T07:53:33.825.astred.cal.fits,4,4,0.3781
OMEGA.2022-01-20T07:53:33.825.astred.cal.fits,6,5,0.3807
OMEGA.2022-01-20T07:53:33.825.astred.cal.fits,7,7,0.3797
OMEGA.2022-01-20T07:53:33.825.astred.cal.fits,8,8,0.3788
OMEGA.2022-01-20T07:53:33.825.astred.cal.fits,9,9,0.3821
OMEGA.2022-01-20T07:53:33.825.astred.cal.fits,10,1,0.3813
OMEGA.2022-01-20T07:53:33.825.astred.cal.fits,17,2,0.3773
OMEGA.2022-01-20T07:53:33.825.astred.cal.fits,18,3,0.3761
OMEGA.2022-01-21T00:35:43.241.astred.cal.fits,17,1,0.004178
OMEGA.2022-01-21T00:35:43.241.astred.cal.fits,18,2,0.004173
OMEGA.2022-01-21T01:12:01.117.astred.cal.fits,5,1,0.003258
OMEGA.2022-01-21T01:12:01.117.astred.cal.fits,6,2,0.003255
OMEGA.2022-01-21T01:12:01.117.astred.cal.fits,7,3,0.003252
OMEGA.2022-01-21T01:12:01.117.astred.cal.fits,8,4,0.003251
OMEGA.2022-01-21T01:18:05.558.astred.cal.fits,22,1,0.003245
OMEGA.2022-01-21T01:18:05.558.astred.cal.fits,23,2,0.003242
OMEGA.2022-01-21T01:18:05.558.astred.cal.fits,24,3,0.00324
OMEGA.2022-01-21T01:24:10.109.astred.cal.fits,3,2,0.0699
OMEGA.2022-01-21T01:24:10.109.astred.cal.fits,4,3,0.06993
OMEGA.2022-01-21T01:24:10.109.astred.cal.fits,5,4,0.06983
OMEGA.2022-01-21T01:24:10.109.astred.cal.fits,6,5,0.06986
OMEGA.2022-01-21T01:24:10.109.astred.cal.fits,9,6,0.06981
OMEGA.2022-01-21T01:59:28.415.astred.cal.fits,5,4,0.004682
OMEGA.2022-01-21T01:59:28.415.astred.cal.fits,6,5,0.004682
OMEGA.2022-01-21T01:59:28.415.astred.cal.fits,7,6,0.004682
OMEGA.2022-01-21T01:59:28.415.astred.cal.fits,8,7,0.004682
OMEGA.2022-01-21T01:59:28.415.astred.cal.fits,22,1,0.004682
OMEGA.2022-01-21T01:59:28.415.astred.cal.fits,23,2,0.004682
OMEGA.2022-01-21T01:59:28.415.astred.cal.fits,24,3,0.004682
OMEGA.2022-01-21T02:11:37.457.astred.cal.fits,9,8,0.03068
OMEGA.2022-01-21T02:11:37.457.astred.cal.fits,10,1,0.03067
OMEGA.2022-01-21T02:11:37.457.astred.cal.fits,11,2,0.03066
OMEGA.2022-01-21T02:11:37.457.astred.cal.fits,12,3,0.03065
OMEGA.2022-01-21T02:11:37.457.astred.cal.fits,25,4,0.03064
OMEGA.2022-01-21T02:11:37.457.astred.cal.fits,26,5,0.03063
OMEGA.2022-01-21T02:11:37.457.astred.cal.fits,27,6,0.03062
OMEGA.2022-01-21T02:11:37.457.astred.cal.fits,28,7,0.03061
OMEGA.2022-01-21T02:35:05.950.astred.cal.fits,8,9,0.0662
OMEGA.2022-01-21T02:35:05.950.astred.cal.fits,9,10,0.06581
OMEGA.2022-01-21T02:35:05.950.astred.cal.fits,10,1,0.06593
OMEGA.2022-01-21T02:35:05.950.astred.cal.fits,11,2,0.06605
OMEGA.2022-01-21T02:35:05.950.astred.cal.fits,12,3,0.06614
OMEGA.2022-01-21T02:35:05.950.astred.cal.fits,20,4,0.06669
OMEGA.2022-01-21T02:35:05.950.astred.cal.fits,22,5,0.06641
OMEGA.2022-01-21T02:35:05.950.astred.cal.fits,23,6,0.06653
OMEGA.2022-01-21T02:35:05.950.astred.cal.fits,24,7,0.06662
OMEGA.2022-01-21T02:47:14.923.astred.cal.fits,6,4,0.02159
OMEGA.2022-01-21T02:47:14.923.astred.cal.fits,7,5,0.02152
OMEGA.2022-01-21T02:47:14.923.astred.cal.fits,8,6,0.02146
OMEGA.2022-01-21T02:47:14.923.astred.cal.fits,9,7,0.0217
OMEGA.2022-01-21T02:47:14.923.astred.cal.fits,10,1,0.02163
OMEGA.2022-01-21T02:47:14.923.astred.cal.fits,17,2,0.02134
OMEGA.2022-01-21T02:47:14.923.astred.cal.fits,18,3,0.02127
OMEGA.2022-01-21T03:29:24.130.astred.cal.fits,5,1,0.003445
OMEGA.2022-01-21T03:29:24.130.astred.cal.fits,6,2,0.003454
OMEGA.2022-01-21T03:29:24.130.astred.cal.fits,7,3,0.003463
OMEGA.2022-01-21T03:29:24.130.astred.cal.fits,8,4,0.003472
OMEGA.2022-01-21T03:35:28.591.astred.cal.fits,24,1,0.003505
OMEGA.2022-01-21T04:39:06.782.astred.cal.fits,31,2,0.009801
OMEGA.2022-01-21T04:39:06.782.astred.cal.fits,31,3,0.009801
OMEGA.2022-01-21T04:39:06.782.astred.cal.fits,32,4,0.0098
OMEGA.2022-01-22T01:02:06.275.fits,9,10,0.4095
OMEGA.2022-01-22T01:02:06.275.fits,13,1,0.4092
OMEGA.2022-01-22T01:02:06.275.fits,17,2,0.2542
OMEGA.2022-01-22T01:02:06.275.fits,18,3,0.2541
OMEGA.2022-01-22T01:02:06.275.fits,22,4,0.2541
OMEGA.2022-01-22T01:02:06.275.fits,23,5,0.254
OMEGA.2022-01-22T01:02:06.275.fits,27,6,0.254
OMEGA.2022-01-22T01:02:06.275.fits,28,7,0.254
OMEGA.2022-01-22T01:02:06.275.fits,32,8,0.2539
OMEGA.2022-01-22T01:14:15.737.fits,2,1,0.236
OMEGA.2022-01-22T01:14:15.737.fits,25,2,0.2367
OMEGA.2022-01-22T01:14:15.737.fits,30,4,0.237
OMEGA.2022-01-22T01:14:15.737.fits,31,5,0.2371
OMEGA.2022-01-22T02:41:05.131.fits,13,1,0.1857
OMEGA.2022-01-22T03:10:45.887.fits,13,1,0.004619
OMEGA.2022-01-22T03:12:31.027.fits,15,1,0.004619
OMEGA.2022-01-22T03:12:31.027.fits,16,2,0.004619
OMEGA.2022-01-22T03:12:31.027.fits,29,3,0.004619
OMEGA.2022-01-22T03:14:15.347.fits,30,1,0.004619
OMEGA.2022-01-22T03:14:15.347.fits,31,2,0.004619
OMEGA.2022-01-22T03:14:15.347.fits,32,3,0.004619
OMEGA.2022-01-22T03:14:15.347.fits,32,4,0.004619
OMEGA.2022-01-22T04:46:34.403.fits,1,1,0.01274
OMEGA.2022-01-22T04:46:34.403.fits,2,5,0.01272
OMEGA.2022-01-22T04:46:34.403.fits,6,7,0.01269
OMEGA.2022-01-22T04:46:34.403.fits,7,8,0.01266
OMEGA.2022-01-22T04:46:34.403.fits,11,2,0.01264
OMEGA.2022-01-22T04:46:34.403.fits,16,4,0.0126
OMEGA.2022-01-22T04:54:02.313.fits,31,1,0.1422
OMEGA.2022-01-22T04:54:02.313.fits,32,2,0.1419
OMEGA.2022-01-22T08:05:58.167.fits,28,1,0.2754
OMEGA.2022-01-22T08:05:58.167.fits,32,2,0.276
OMEGA.2022-01-23T01:20:05.381.fits,3,7,0.6532
OMEGA.2022-01-23T01:20:05.381.fits,5,9,0.6501
OMEGA.2022-01-23T01:20:05.381.fits,5,10,0.6706
OMEGA.2022-01-23T01:20:05.381.fits,6,11,0.6511
OMEGA.2022-01-23T01:20:05.381.fits,6,12,0.6712
OMEGA.2022-01-23T01:20:05.381.fits,9,13,0.6491
OMEGA.2022-01-23T01:20:05.381.fits,10,1,0.6716
OMEGA.2022-01-23T01:20:05.381.fits,11,2,0.6721
OMEGA.2022-01-23T01:20:05.381.fits,12,3,0.6726
OMEGA.2022-01-23T01:20:05.381.fits,16,4,0.673
OMEGA.2022-01-23T01:20:05.381.fits,29,6,0.6735
OMEGA.2022-01-23T01:20:05.381.fits,30,8,0.6741
OMEGA.2022-01-23T01:42:39.745.fits,18,1,0.2871
OMEGA.2022-01-23T01:42:39.745.fits,22,2,0.287
OMEGA.2022-01-23T01:42:39.745.fits,26,3,0.287
OMEGA.2022-01-23T01:42:39.745.fits,31,4,0.2868
OMEGA.2022-01-23T01:48:44.336.fits,13,1,0.3676
OMEGA.2022-01-23T02:50:43.036.fits,5,1,0.004641
OMEGA.2022-01-23T02:52:27.756.fits,6,2,0.00464
OMEGA.2022-01-23T02:52:27.756.fits,7,3,0.00464
OMEGA.2022-01-23T02:52:27.756.fits,8,4,0.00464
OMEGA.2022-01-23T02:54:13.447.fits,22,1,0.00464
OMEGA.2022-01-23T02:54:13.447.fits,23,2,0.00464
OMEGA.2022-01-23T03:36:39.644.fits,1,1,0.01543
OMEGA.2022-01-23T03:36:39.644.fits,2,3,0.01547
OMEGA.2022-01-23T03:36:39.644.fits,3,4,0.01551
OMEGA.2022-01-23T03:36:39.644.fits,4,5,0.01555
OMEGA.2022-01-23T03:36:39.644.fits,17,2,0.01559
OMEGA.2022-01-23T03:54:53.197.fits,13,1,0.03152
OMEGA.2022-01-23T03:54:53.197.fits,14,2,0.03152
OMEGA.2022-01-23T03:54:53.197.fits,15,3,0.03152
OMEGA.2022-01-23T03:54:53.197.fits,16,4,0.03153
OMEGA.2022-01-23T03:54:53.197.fits,29,5,0.03153
OMEGA.2022-01-23T03:54:53.197.fits,29,6,0.03153
OMEGA.2022-01-23T03:54:53.197.fits,30,7,0.03153
OMEGA.2022-01-23T04:41:56.914.fits,5,10,0.02379
OMEGA.2022-01-23T04:41:56.914.fits,6,11,0.0238
OMEGA.2022-01-23T04:41:56.914.fits,10,1,0.02381
OMEGA.2022-01-23T04:41:56.914.fits,11,2,0.02382
OMEGA.2022-01-23T04:41:56.914.fits,12,3,0.02383
OMEGA.2022-01-23T04:41:56.914.fits,25,4,0.02385
OMEGA.2022-01-23T04:41:56.914.fits,26,5,0.02385
OMEGA.2022-01-23T04:41:56.914.fits,30,7,0.02386
OMEGA.2022-01-23T04:41:56.914.fits,31,8,0.02387
OMEGA.2022-01-23T04:41:56.914.fits,32,9,0.02388
OMEGA.2022-01-23T06:39:59.455.fits,1,1,0.2708
OMEGA.2022-01-23T06:39:59.455.fits,2,2,0.2703
OMEGA.2022-01-23T06:39:59.455.fits,5,3,0.2714
OMEGA.2022-01-24T03:12:49.061.fits,9,3,0.004638
OMEGA.2022-01-24T03:12:49.061.fits,10,1,0.004638
OMEGA.2022-01-24T03:16:18.292.fits,31,4,0.004637
OMEGA.2022-01-24T03:16:18.292.fits,32,5,0.004637
OMEGA.2022-01-24T03:18:02.741.fits,13,1,0.00469
OMEGA.2022-01-24T07:29:41.434.fits,1,1,0.004651
OMEGA.2022-01-24T07:29:41.434.fits,2,2,0.004651
OMEGA.2022-01-24T07:29:41.434.fits,3,3,0.004651
OMEGA.2022-01-24T07:31:26.344.fits,17,1,0.004651
OMEGA.2022-01-24T07:31:26.344.fits,18,2,0.004651
OMEGA.2022-01-24T08:42:25.155.fits,32,1,0.4728
OMEGA.2022-01-25T03:07:35.539.fits,13,3,0.0316
OMEGA.2022-01-25T03:07:35.539.fits,14,4,0.0316
OMEGA.2022-01-25T03:07:35.539.fits,15,5,0.0316
OMEGA.2022-01-25T03:07:35.539.fits,16,6,0.0316
OMEGA.2022-01-25T03:07:35.539.fits,29,8,0.0316
OMEGA.2022-01-25T03:07:35.539.fits,30,10,0.03159
OMEGA.2022-01-25T03:07:35.539.fits,31,11,0.03159
OMEGA.2022-01-25T03:47:54.466.fits,7,1,0.006441
OMEGA.2022-01-25T03:49:39.317.fits,23,1,0.00633
OMEGA.2022-01-25T03:49:39.317.fits,24,2,0.006303
OMEGA.2022-01-25T04:21:27.262.fits,5,8,0.003431
OMEGA.2022-01-25T04:21:27.262.fits,6,9,0.00344
OMEGA.2022-01-25T04:21:27.262.fits,7,10,0.003449
OMEGA.2022-01-25T04:21:27.262.fits,22,3,0.003475
OMEGA.2022-01-25T04:21:27.262.fits,23,4,0.003484
OMEGA.2022-01-25T05:14:50.021.fits,1,1,0.004758
OMEGA.2022-01-25T05:20:54.592.fits,3,2,0.004758
OMEGA.2022-01-25T05:20:54.592.fits,4,3,0.004758
OMEGA.2022-01-25T05:20:54.592.fits,17,1,0.004759
OMEGA.2022-01-25T08:14:19.571.fits,9,4,0.004698
OMEGA.2022-01-25T08:14:19.571.fits,10,1,0.004698
OMEGA.2022-01-25T08:14:19.571.fits,11,2,0.004698
OMEGA.2022-01-25T08:14:19.571.fits,12,3,0.004698
OMEGA.2022-01-25T08:21:04.122.fits,14,1,0.03195
OMEGA.2022-01-25T08:21:04.122.fits,16,2,0.03202
OMEGA.2022-01-25T08:21:04.122.fits,18,3,0.2195
OMEGA.2022-01-25T08:21:04.122.fits,22,4,0.004699
OMEGA.2022-01-25T08:21:04.122.fits,22,5,0.2192
OMEGA.2022-01-25T08:21:04.122.fits,23,6,0.004699
OMEGA.2022-01-25T08:21:04.122.fits,23,7,0.219
OMEGA.2022-01-25T08:21:04.122.fits,24,8,0.004699
OMEGA.2022-01-25T08:21:04.122.fits,27,9,0.2187
OMEGA.2022-01-25T08:21:04.122.fits,28,10,0.2185
OMEGA.2022-01-26T01:17:51.352.fits,9,9,0.09933
OMEGA.2022-01-26T01:17:51.352.fits,10,1,0.09944
OMEGA.2022-01-26T01:17:51.352.fits,11,2,0.09954
OMEGA.2022-01-26T01:17:51.352.fits,12,3,0.09965
OMEGA.2022-01-26T01:17:51.352.fits,24,4,0.1001
OMEGA.2022-01-26T01:17:51.352.fits,25,5,0.09975
OMEGA.2022-01-26T01:17:51.352.fits,26,6,0.09986
OMEGA.2022-01-26T01:17:51.352.fits,27,7,0.09996
OMEGA.2022-01-26T03:29:32.063.fits,13,1,0.03159
OMEGA.2022-01-26T03:29:32.063.fits,14,2,0.03159
OMEGA.2022-01-26T03:29:32.063.fits,15,3,0.03159
OMEGA.2022-01-26T03:29:32.063.fits,16,4,0.03159
OMEGA.2022-01-26T03:29:32.063.fits,29,5,0.03159
OMEGA.2022-01-26T03:29:32.063.fits,30,6,0.03159
OMEGA.2022-01-26T03:29:32.063.fits,31,7,0.0316
OMEGA.2022-01-26T03:29:32.063.fits,32,8,0.0316
OMEGA.2022-01-26T03:47:46.116.fits,13,1,0.004623
OMEGA.2022-01-26T03:47:46.116.fits,14,2,0.004623
OMEGA.2022-01-26T03:47:46.116.fits,15,3,0.004622
OMEGA.2022-01-26T03:47:46.116.fits,16,4,0.004622
OMEGA.2022-01-26T03:47:46.116.fits,29,5,0.004622
OMEGA.2022-01-26T04:12:07.539.fits,13,3,0.005971
OMEGA.2022-01-26T04:12:07.539.fits,14,4,0.005952
OMEGA.2022-01-26T04:12:07.539.fits,15,5,0.005932
OMEGA.2022-01-26T04:12:07.539.fits,16,7,0.005913
OMEGA.2022-01-26T04:12:07.539.fits,29,11,0.005894
OMEGA.2022-01-26T04:12:07.539.fits,30,12,0.005875
OMEGA.2022-01-26T04:12:07.539.fits,31,13,0.005856
OMEGA.2022-01-26T04:12:07.539.fits,32,15,0.005837
OMEGA.2022-01-26T05:00:53.938.fits,5,2,0.01139
OMEGA.2022-01-26T05:00:53.938.fits,9,3,0.01139
OMEGA.2022-01-26T08:07:16.556.fits,31,1,0.4197
OMEGA.2022-01-26T08:07:16.556.fits,32,2,0.4187
OMEGA.2022-01-27T00:46:55.409.fits,31,2,0.1039
OMEGA.2022-01-27T00:46:55.409.fits,32,3,0.104
OMEGA.2022-01-27T00:53:00.150.fits,24,1,0.6529
OMEGA.2022-01-27T01:09:47.582.fits,8,15,0.09844
OMEGA.2022-01-27T01:09:47.582.fits,9,16,0.09718
OMEGA.2022-01-27T01:09:47.582.fits,10,1,0.09759
OMEGA.2022-01-27T01:09:47.582.fits,11,3,0.098
OMEGA.2022-01-27T01:09:47.582.fits,20,7,0.1002
OMEGA.2022-01-27T01:09:47.582.fits,22,8,0.09925
OMEGA.2022-01-27T01:09:47.582.fits,23,10,0.09966
OMEGA.2022-01-27T01:09:47.582.fits,24,11,0.09991
OMEGA.2022-01-27T01:15:52.153.fits,13,2,0.5611
OMEGA.2022-01-27T01:21:56.444.fits,5,17,0.3387
OMEGA.2022-01-27T01:21:56.444.fits,11,2,0.3398
OMEGA.2022-01-27T01:21:56.444.fits,15,5,0.3401
OMEGA.2022-01-27T01:21:56.444.fits,16,7,0.3404
OMEGA.2022-01-27T01:21:56.444.fits,20,11,0.2787
OMEGA.2022-01-27T01:21:56.444.fits,24,14,0.2788
OMEGA.2022-01-27T02:24:18.744.fits,3,2,0.1521
OMEGA.2022-01-27T02:24:18.744.fits,6,3,0.1525
OMEGA.2022-01-27T02:24:18.744.fits,9,4,0.1529
OMEGA.2022-01-27T02:24:18.744.fits,13,1,0.1532
OMEGA.2022-01-27T03:49:15.748.fits,30,2,0.01532
OMEGA.2022-01-27T03:49:15.748.fits,31,3,0.01536
OMEGA.2022-01-27T03:55:20.289.fits,13,1,0.0314
OMEGA.2022-01-27T03:55:20.289.fits,14,2,0.0314
OMEGA.2022-01-27T03:55:20.289.fits,15,3,0.03141
OMEGA.2022-01-27T03:55:20.289.fits,16,4,0.03141
OMEGA.2022-01-27T03:55:20.289.fits,29,5,0.03142
OMEGA.2022-01-27T03:55:20.289.fits,30,6,0.03142
OMEGA.2022-01-27T03:55:20.289.fits,31,7,0.03142
OMEGA.2022-01-27T03:55:20.289.fits,32,8,0.03143
OMEGA.2022-01-27T04:01:24.760.fits,1,1,0.003777
OMEGA.2022-01-27T04:01:24.760.fits,2,4,0.003783
OMEGA.2022-01-27T04:01:24.760.fits,3,7,0.00379
OMEGA.2022-01-27T04:01:24.760.fits,4,8,0.003795
OMEGA.2022-01-27T04:01:24.760.fits,13,2,0.004622
OMEGA.2022-01-27T04:01:24.760.fits,14,3,0.004622
OMEGA.2022-01-27T04:01:24.760.fits,22,5,0.00381
OMEGA.2022-01-27T04:01:24.760.fits,23,6,0.003816
OMEGA.2022-01-27T06:44:26.807.fits,3,4,0.02713
OMEGA.2022-01-27T06:44:26.807.fits,8,6,0.02722
OMEGA.2022-01-27T06:44:26.807.fits,12,1,0.02728
OMEGA.2022-01-27T06:44:26.807.fits,25,2,0.02733
OMEGA.2022-01-27T06:44:26.807.fits,29,3,0.02739
OMEGA.2022-01-28T00:48:51.656.fits,24,1,0.6718
OMEGA.2022-01-28T00:48:51.656.fits,27,2,0.6699
OMEGA.2022-01-28T00:48:51.656.fits,29,4,0.6669
OMEGA.2022-01-28T00:48:51.656.fits,30,5,0.6679
OMEGA.2022-01-28T00:54:56.197.fits,20,1,0.02117
OMEGA.2022-01-28T00:54:56.197.fits,23,2,0.02099
OMEGA.2022-01-28T00:54:56.197.fits,24,3,0.02107
OMEGA.2022-01-28T00:54:56.197.fits,27,4,0.02086
OMEGA.2022-01-28T00:54:56.197.fits,30,5,0.02067
OMEGA.2022-01-28T00:54:56.197.fits,31,6,0.02075
OMEGA.2022-01-28T01:14:00.010.fits,4,10,0.292
OMEGA.2022-01-28T01:14:00.010.fits,8,12,0.292
OMEGA.2022-01-28T01:14:00.010.fits,25,6,0.292
OMEGA.2022-01-28T01:14:00.010.fits,29,8,0.292
OMEGA.2022-01-28T01:14:00.010.fits,30,9,0.292
OMEGA.2022-01-28T01:32:13.553.fits,2,5,0.1344
OMEGA.2022-01-28T01:32:13.553.fits,3,8,0.1346
OMEGA.2022-01-28T01:32:13.553.fits,7,9,0.1348
OMEGA.2022-01-28T01:32:13.553.fits,11,1,0.135
OMEGA.2022-01-28T01:32:13.553.fits,12,2,0.1352
OMEGA.2022-01-28T01:32:13.553.fits,13,3,0.005121
OMEGA.2022-01-28T01:32:13.553.fits,16,4,0.1354
OMEGA.2022-01-28T01:32:13.553.fits,29,7,0.1356
OMEGA.2022-01-28T01:58:56.878.fits,3,5,0.2421
OMEGA.2022-01-28T01:58:56.878.fits,7,7,0.2419
OMEGA.2022-01-28T01:58:56.878.fits,11,3,0.2417
OMEGA.2022-01-28T01:58:56.878.fits,15,4,0.2414
OMEGA.2022-01-28T03:04:55.278.fits,9,5,0.006123
OMEGA.2022-01-28T03:04:55.278.fits,10,1,0.006097
OMEGA.2022-01-28T03:04:55.278.fits,11,2,0.006076
OMEGA.2022-01-28T03:06:39.858.fits,22,3,0.005987
OMEGA.2022-01-28T03:06:39.858.fits,23,4,0.005967
OMEGA.2022-01-28T03:06:39.858.fits,26,6,0.006
OMEGA.2022-01-28T03:30:36.453.fits,13,1,0.03155
OMEGA.2022-01-28T03:30:36.453.fits,14,2,0.03156
OMEGA.2022-01-28T03:30:36.453.fits,15,3,0.03156
OMEGA.2022-01-28T03:30:36.453.fits,16,4,0.03156
OMEGA.2022-01-28T03:30:36.453.fits,29,5,0.03156
OMEGA.2022-01-28T03:30:36.453.fits,30,6,0.03157
OMEGA.2022-01-28T03:30:36.453.fits,31,7,0.03157
OMEGA.2022-01-28T03:30:36.453.fits,32,8,0.03157
OMEGA.2022-01-28T04:04:03.968.fits,24,7,0.03823
OMEGA.2022-01-28T04:04:03.968.fits,28,11,0.03832
OMEGA.2022-01-28T04:04:03.968.fits,31,12,0.03845
OMEGA.2022-01-28T04:54:27.987.fits,30,2,0.01338
OMEGA.2022-01-28T04:54:27.987.fits,31,3,0.01335
OMEGA.2022-01-28T04:54:27.987.fits,32,4,0.01332
OMEGA.2022-01-28T05:37:58.824.fits,22,1,0.004612
OMEGA.2022-01-28T05:37:58.824.fits,23,2,0.004613
OMEGA.2022-01-28T05:56:36.597.fits,32,2,0.0047
OMEGA.2022-01-28T06:25:57.762.fits,32,3,0.009877
OMEGA.2022-01-28T08:16:44.071.fits,17,10,0.008917
OMEGA.2022-01-28T08:16:44.071.fits,18,13,0.008929
OMEGA.2022-01-28T08:16:44.071.fits,19,15,0.008941
OMEGA.2022-01-28T08:16:44.071.fits,20,17,0.008952
OMEGA.2022-01-29T00:50:18.164.fits,5,7,0.6829
OMEGA.2022-01-29T00:50:18.164.fits,6,8,0.6834
OMEGA.2022-01-29T00:50:18.164.fits,10,1,0.6837
OMEGA.2022-01-29T00:50:18.164.fits,11,2,0.6842
OMEGA.2022-01-29T00:50:18.164.fits,12,3,0.6847
OMEGA.2022-01-29T00:50:18.164.fits,13,4,0.6632
OMEGA.2022-01-29T00:50:18.164.fits,29,5,0.6855
OMEGA.2022-01-29T00:50:18.164.fits,30,6,0.686
OMEGA.2022-01-29T01:09:50.957.fits,11,2,0.2774
OMEGA.2022-01-29T01:09:50.957.fits,15,4,0.2774
OMEGA.2022-01-29T01:09:50.957.fits,16,5,0.2774
OMEGA.2022-01-29T01:22:00.089.fits,2,5,0.414
OMEGA.2022-01-29T01:22:00.089.fits,6,9,0.4136
OMEGA.2022-01-29T01:22:00.089.fits,14,4,0.4127
OMEGA.2022-01-29T01:28:04.539.fits,18,2,0.5135
OMEGA.2022-01-29T01:28:04.539.fits,25,3,0.5101
OMEGA.2022-01-29T01:36:30.491.fits,8,7,0.05102
OMEGA.2022-01-29T01:36:30.491.fits,11,1,0.05092
OMEGA.2022-01-29T01:36:30.491.fits,12,2,0.05097
OMEGA.2022-01-29T01:36:30.491.fits,14,3,0.05082
OMEGA.2022-01-29T01:36:30.491.fits,15,4,0.05087
OMEGA.2022-01-29T01:36:30.491.fits,17,5,0.05112
OMEGA.2022-01-29T01:36:30.491.fits,18,6,0.05117
OMEGA.2022-01-29T01:42:34.952.fits,18,1,0.3512
OMEGA.2022-01-29T01:42:34.952.fits,22,2,0.3507
OMEGA.2022-01-29T01:42:34.952.fits,26,3,0.3503
OMEGA.2022-01-29T01:42:34.952.fits,30,4,0.3498
OMEGA.2022-01-29T01:48:39.442.fits,13,2,0.008894
OMEGA.2022-01-29T01:48:39.442.fits,14,3,0.008934
OMEGA.2022-01-29T01:54:44.804.fits,4,2,0.009168
OMEGA.2022-01-29T01:54:44.804.fits,7,3,0.00911
OMEGA.2022-01-29T02:06:03.645.fits,13,1,0.03118
OMEGA.2022-01-29T02:06:03.645.fits,14,2,0.03117
OMEGA.2022-01-29T02:06:03.645.fits,15,3,0.03116
OMEGA.2022-01-29T02:06:03.645.fits,16,4,0.03116
OMEGA.2022-01-29T02:06:03.645.fits,29,5,0.03115
OMEGA.2022-01-29T02:06:03.645.fits,30,6,0.03114
OMEGA.2022-01-29T02:18:12.528.fits,13,1,0.004399
OMEGA.2022-01-29T02:18:12.528.fits,14,2,0.0044
OMEGA.2022-01-29T02:18:12.528.fits,15,3,0.0044
OMEGA.2022-01-29T02:18:12.528.fits,16,4,0.004401
OMEGA.2022-01-29T02:18:12.528.fits,29,5,0.004401
OMEGA.2022-01-29T02:18:12.528.fits,30,6,0.004401
OMEGA.2022-01-29T02:18:12.528.fits,31,7,0.004402
OMEGA.2022-01-29T02:18:12.528.fits,32,8,0.004402
OMEGA.2022-01-29T02:24:16.978.fits,13,3,0.0314
OMEGA.2022-01-29T02:24:16.978.fits,14,4,0.0314
OMEGA.2022-01-29T02:24:16.978.fits,15,5,0.03139
OMEGA.2022-01-29T02:24:16.978.fits,16,6,0.03139
OMEGA.2022-01-29T02:24:16.978.fits,29,9,0.03138
OMEGA.2022-01-29T02:24:16.978.fits,30,10,0.03138
OMEGA.2022-01-29T02:24:16.978.fits,31,12,0.03137
OMEGA.2022-01-29T02:24:16.978.fits,32,13,0.03137
OMEGA.2022-01-29T02:49:40.142.fits,1,1,0.004681
OMEGA.2022-01-29T02:49:40.142.fits,2,2,0.004681
OMEGA.2022-01-29T02:49:40.142.fits,3,4,0.004681
OMEGA.2022-01-29T02:49:40.142.fits,3,5,0.004681
OMEGA.2022-01-29T02:51:24.613.fits,12,2,0.00592
OMEGA.2022-01-29T02:53:09.073.fits,9,4,0.004148
OMEGA.2022-01-29T02:53:09.073.fits,10,1,0.004148
OMEGA.2022-01-29T02:53:09.073.fits,11,2,0.004148
OMEGA.2022-01-29T02:53:09.073.fits,24,3,0.00582
OMEGA.2022-01-29T06:01:04.992.fits,11,2,0.009401
OMEGA.2022-01-29T06:01:04.992.fits,12,4,0.00942
OMEGA.2022-01-29T06:01:04.992.fits,25,7,0.009453
OMEGA.2022-01-29T06:01:04.992.fits,27,8,0.009519
OMEGA.2022-01-29T06:01:04.992.fits,28,9,0.009552
OMEGA.2022-01-30T00:48:39.462.fits,1,1,0.236
OMEGA.2022-01-30T01:10:33.406.fits,14,2,0.4873
OMEGA.2022-01-30T01:10:33.406.fits,20,3,0.5953
OMEGA.2022-01-30T01:10:33.406.fits,24,4,0.5941
OMEGA.2022-01-30T01:10:33.406.fits,27,5,0.5923
OMEGA.2022-01-30T01:10:33.406.fits,30,7,0.59
OMEGA.2022-01-30T01:10:33.406.fits,31,8,0.591
OMEGA.2022-01-30T01:31:01.669.fits,4,8,0.5392
OMEGA.2022-01-30T01:31:01.669.fits,8,9,0.5394
OMEGA.2022-01-30T01:31:01.669.fits,25,5,0.5396
OMEGA.2022-01-30T01:31:01.669.fits,30,7,0.5399
OMEGA.2022-01-30T01:49:15.032.fits,5,9,0.1424
OMEGA.2022-01-30T01:49:15.032.fits,6,11,0.1426
OMEGA.2022-01-30T01:49:15.032.fits,10,1,0.1427
OMEGA.2022-01-30T01:49:15.032.fits,11,3,0.143
OMEGA.2022-01-30T01:49:15.032.fits,12,4,0.1432
OMEGA.2022-01-30T01:49:15.032.fits,16,6,0.1434
OMEGA.2022-01-30T01:49:15.032.fits,29,7,0.1435
OMEGA.2022-01-30T01:49:15.032.fits,30,8,0.1438
OMEGA.2022-01-30T02:31:02.889.fits,11,1,0.006177
OMEGA.2022-01-30T02:31:02.889.fits,13,2,0.006227
OMEGA.2022-01-30T02:31:02.889.fits,14,3,0.006209
OMEGA.2022-01-30T02:32:47.590.fits,26,1,0.006094
OMEGA.2022-01-30T02:32:47.590.fits,27,2,0.006067
OMEGA.2022-01-30T02:51:26.213.fits,1,1,0.004608
OMEGA.2022-01-30T02:51:26.213.fits,2,2,0.004608
OMEGA.2022-01-30T02:51:26.213.fits,3,3,0.004608
OMEGA.2022-01-30T02:58:58.254.fits,10,2,0.004607
OMEGA.2022-01-30T02:58:58.254.fits,11,3,0.004607
OMEGA.2022-01-30T03:00:43.994.fits,25,1,0.004607
OMEGA.2022-01-30T03:00:43.994.fits,26,2,0.004606
OMEGA.2022-01-30T03:00:43.994.fits,27,3,0.004606
OMEGA.2022-01-30T03:02:28.995.fits,28,4,0.004606
OMEGA.2022-01-30T03:09:26.986.fits,16,1,0.004304
OMEGA.2022-01-30T03:09:26.986.fits,16,2,0.004304
OMEGA.2022-01-30T03:09:26.986.fits,16,3,0.004304
OMEGA.2022-01-30T03:11:11.456.fits,27,2,0.004245
OMEGA.2022-01-30T03:11:11.456.fits,27,3,0.004245
OMEGA.2022-01-30T03:25:27.748.fits,5,12,0.09185
OMEGA.2022-01-30T03:25:27.748.fits,9,13,0.09189
OMEGA.2022-01-30T03:25:27.748.fits,10,2,0.09195
OMEGA.2022-01-30T03:25:27.748.fits,11,3,0.09203
OMEGA.2022-01-30T03:25:27.748.fits,12,4,0.09212
OMEGA.2022-01-30T03:25:27.748.fits,25,8,0.0922
OMEGA.2022-01-30T03:25:27.748.fits,26,9,0.09228
OMEGA.2022-01-30T03:25:27.748.fits,27,10,0.09236
OMEGA.2022-01-30T03:25:27.748.fits,28,11,0.09244
OMEGA.2022-01-30T05:26:15.209.fits,3,11,0.08148
OMEGA.2022-01-30T05:26:15.209.fits,6,13,0.0814
OMEGA.2022-01-30T05:26:15.209.fits,7,15,0.08143
OMEGA.2022-01-30T05:26:15.209.fits,10,2,0.08137
OMEGA.2022-01-30T05:26:15.209.fits,13,3,0.08129
OMEGA.2022-01-30T05:26:15.209.fits,14,4,0.08132
OMEGA.2022-01-31T00:45:42.880.fits,17,1,0.09336
OMEGA.2022-01-31T01:10:46.805.fits,1,1,0.05676
OMEGA.2022-01-31T01:10:46.805.fits,2,3,0.0569
OMEGA.2022-01-31T01:10:46.805.fits,7,12,0.0571
OMEGA.2022-01-31T01:10:46.805.fits,8,13,0.05724
OMEGA.2022-01-31T01:10:46.805.fits,18,2,0.2386
OMEGA.2022-01-31T01:10:46.805.fits,22,4,0.2382
OMEGA.2022-01-31T01:10:46.805.fits,25,5,0.05743
OMEGA.2022-01-31T01:10:46.805.fits,26,6,0.05757
OMEGA.2022-01-31T01:10:46.805.fits,26,7,0.2378
OMEGA.2022-01-31T01:10:46.805.fits,30,8,0.2374
OMEGA.2022-01-31T01:10:46.805.fits,31,9,0.05777
OMEGA.2022-01-31T01:10:46.805.fits,32,10,0.05791
OMEGA.2022-01-31T01:38:57.439.fits,5,6,0.1263
OMEGA.2022-01-31T01:38:57.439.fits,9,7,0.1262
OMEGA.2022-01-31T01:38:57.439.fits,13,1,0.1262
OMEGA.2022-01-31T01:38:57.439.fits,18,2,0.04635
OMEGA.2022-01-31T01:38:57.439.fits,19,3,0.04658
OMEGA.2022-01-31T01:38:57.439.fits,24,5,0.04685
OMEGA.2022-01-31T02:07:24.815.fits,13,1,0.03127
OMEGA.2022-01-31T02:07:24.815.fits,14,2,0.03127
OMEGA.2022-01-31T02:07:24.815.fits,15,3,0.03126
OMEGA.2022-01-31T02:07:24.815.fits,16,4,0.03125
OMEGA.2022-01-31T02:07:24.815.fits,29,5,0.03125
OMEGA.2022-01-31T02:07:24.815.fits,30,6,0.03124
OMEGA.2022-01-31T02:07:24.815.fits,31,7,0.03123
OMEGA.2022-01-31T02:07:24.815.fits,32,8,0.03123
OMEGA.2022-01-31T02:19:34.157.fits,14,1,0.04155
OMEGA.2022-01-31T02:19:34.157.fits,15,2,0.04166
OMEGA.2022-01-31T02:19:34.157.fits,16,3,0.0418
OMEGA.2022-01-31T02:19:34.157.fits,29,4,0.04194
OMEGA.2022-01-31T02:19:34.157.fits,30,5,0.04208
OMEGA.2022-01-31T02:19:34.157.fits,31,6,0.04222
OMEGA.2022-01-31T02:19:34.157.fits,32,7,0.04236
OMEGA.2022-01-31T02:25:38.607.fits,13,1,0.03146
OMEGA.2022-01-31T02:25:38.607.fits,13,2,0.0315
OMEGA.2022-01-31T02:25:38.607.fits,14,3,0.03146
OMEGA.2022-01-31T02:25:38.607.fits,14,4,0.03149
OMEGA.2022-01-31T02:25:38.607.fits,15,5,0.03146
OMEGA.2022-01-31T02:25:38.607.fits,15,6,0.03149
OMEGA.2022-01-31T02:25:38.607.fits,16,7,0.03145
OMEGA.2022-01-31T02:25:38.607.fits,16,8,0.03149
OMEGA.2022-01-31T02:25:38.607.fits,29,9,0.03148
OMEGA.2022-01-31T02:25:38.607.fits,29,10,0.03145
OMEGA.2022-01-31T02:25:38.607.fits,30,11,0.03148
OMEGA.2022-01-31T02:25:38.607.fits,30,12,0.03145
OMEGA.2022-01-31T02:25:38.607.fits,31,13,0.03147
OMEGA.2022-01-31T02:25:38.607.fits,31,14,0.03144
OMEGA.2022-01-31T02:25:38.607.fits,32,15,0.03147
OMEGA.2022-01-31T02:25:38.607.fits,32,16,0.03144
OMEGA.2022-01-31T02:36:18.699.fits,25,1,0.00465
OMEGA.2022-01-31T02:36:18.699.fits,26,2,0.00465
OMEGA.2022-01-31T02:38:03.310.fits,28,1,0.00465
OMEGA.2022-01-31T02:50:15.302.fits,1,1,0.004712
OMEGA.2022-01-31T02:50:15.302.fits,2,2,0.004712
OMEGA.2022-01-31T02:51:59.662.fits,4,3,0.004711
OMEGA.2022-01-31T02:51:59.662.fits,17,1,0.004711
OMEGA.2022-01-31T02:56:50.153.fits,6,2,0.00744
OMEGA.2022-01-31T02:56:50.153.fits,7,3,0.00741
OMEGA.2022-01-31T02:56:50.153.fits,8,4,0.007373
OMEGA.2022-01-31T02:58:34.613.fits,20,4,0.007229
OMEGA.2022-01-31T05:26:59.419.fits,9,8,0.04856
OMEGA.2022-01-31T05:26:59.419.fits,10,1,0.04832
OMEGA.2022-01-31T05:26:59.419.fits,11,2,0.04807
OMEGA.2022-01-31T05:26:59.419.fits,12,3,0.04783
OMEGA.2022-01-31T05:26:59.419.fits,25,4,0.04759
OMEGA.2022-01-31T05:26:59.419.fits,26,5,0.04735
OMEGA.2022-01-31T05:26:59.419.fits,27,6,0.04711
OMEGA.2022-01-31T05:26:59.419.fits,28,7,0.04687
OMEGA.2022-01-31T06:05:50.616.fits,31,3,0.007123
OMEGA.2022-01-31T06:05:50.616.fits,32,4,0.00715
OMEGA.2022-01-31T08:42:25.253.fits,13,1,0.05367
OMEGA.2022-01-31T08:42:25.253.fits,14,2,0.05356
OMEGA.2022-01-31T08:42:25.253.fits,15,3,0.05344
OMEGA.2022-01-31T08:42:25.253.fits,16,4,0.05332
OMEGA.2022-01-31T08:42:25.253.fits,29,5,0.0532
OMEGA.2022-01-31T08:42:25.253.fits,30,6,0.05309
OMEGA.2022-01-31T08:42:25.253.fits,31,7,0.05297
OMEGA.2022-02-01T01:07:26.523.fits,5,5,0.3999
OMEGA.2022-02-01T01:07:26.523.fits,6,6,0.4008
OMEGA.2022-02-01T01:07:26.523.fits,7,7,0.4018
OMEGA.2022-02-01T01:07:26.523.fits,8,8,0.4026
OMEGA.2022-02-01T01:07:26.523.fits,25,1,0.4037
OMEGA.2022-02-01T01:07:26.523.fits,26,2,0.4047
OMEGA.2022-02-01T01:07:26.523.fits,27,3,0.4056
OMEGA.2022-02-01T01:07:26.523.fits,28,4,0.4066
OMEGA.2022-02-01T01:13:30.954.fits,1,2,0.4766
OMEGA.2022-02-01T01:13:30.954.fits,2,6,0.09764
OMEGA.2022-02-01T01:13:30.954.fits,3,9,0.09748
OMEGA.2022-02-01T01:13:30.954.fits,5,12,0.477
OMEGA.2022-02-01T01:13:30.954.fits,7,14,0.09737
OMEGA.2022-02-01T01:13:30.954.fits,8,15,0.09726
OMEGA.2022-02-01T01:13:30.954.fits,15,4,0.4783
OMEGA.2022-02-01T01:13:30.954.fits,25,7,0.097
OMEGA.2022-02-01T01:13:30.954.fits,26,8,0.09687
OMEGA.2022-02-01T01:13:30.954.fits,31,10,0.09662
OMEGA.2022-02-01T01:13:30.954.fits,32,11,0.09647
OMEGA.2022-02-01T01:19:35.475.fits,3,11,0.431
OMEGA.2022-02-01T01:19:35.475.fits,13,1,0.4574
OMEGA.2022-02-01T01:19:35.475.fits,14,2,0.4585
OMEGA.2022-02-01T01:19:35.475.fits,15,3,0.4598
OMEGA.2022-02-01T01:19:35.475.fits,16,4,0.461
OMEGA.2022-02-01T01:19:35.475.fits,29,9,0.4622
OMEGA.2022-02-01T01:19:35.475.fits,30,12,0.4635
OMEGA.2022-02-01T01:19:35.475.fits,31,13,0.4644
OMEGA.2022-02-01T01:38:14.148.fits,17,1,0.3022
OMEGA.2022-02-01T01:38:14.148.fits,17,2,0.2189
OMEGA.2022-02-01T01:38:14.148.fits,20,3,0.5077
OMEGA.2022-02-01T01:38:14.148.fits,25,4,0.2204
OMEGA.2022-02-01T01:38:14.148.fits,25,5,0.3044
OMEGA.2022-02-01T01:38:14.148.fits,29,6,0.2211
OMEGA.2022-02-01T01:38:14.148.fits,29,7,0.3055
OMEGA.2022-02-01T02:35:19.037.fits,2,3,0.00472
OMEGA.2022-02-01T02:35:19.037.fits,3,5,0.00472
OMEGA.2022-02-01T02:35:19.037.fits,4,6,0.00472
OMEGA.2022-02-01T02:35:19.037.fits,17,1,0.004719
OMEGA.2022-02-01T02:35:19.037.fits,18,2,0.004719
OMEGA.2022-02-01T02:47:28.440.fits,13,1,0.03161
OMEGA.2022-02-01T02:47:28.440.fits,14,2,0.03161
OMEGA.2022-02-01T02:47:28.440.fits,15,3,0.03161
OMEGA.2022-02-01T02:47:28.440.fits,16,4,0.03161
OMEGA.2022-02-01T02:47:28.440.fits,29,5,0.03161
OMEGA.2022-02-01T02:47:28.440.fits,30,6,0.0316
OMEGA.2022-02-01T02:47:28.440.fits,31,7,0.0316
OMEGA.2022-02-01T02:47:28.440.fits,32,8,0.0316
OMEGA.2022-02-01T03:07:16.453.fits,5,2,0.01206
OMEGA.2022-02-01T03:07:16.453.fits,6,3,0.01204
OMEGA.2022-02-01T03:07:16.453.fits,7,4,0.01201
OMEGA.2022-02-01T03:09:00.744.fits,20,2,0.0119
OMEGA.2022-02-01T03:53:15.201.fits,1,1,0.03771
OMEGA.2022-02-01T03:53:15.201.fits,5,8,0.0378
OMEGA.2022-02-01T04:04:09.203.fits,15,1,0.004602
OMEGA.2022-02-01T04:04:09.203.fits,16,2,0.004602
OMEGA.2022-02-01T04:05:54.944.fits,30,3,0.004601
OMEGA.2022-02-01T04:05:54.944.fits,31,4,0.004601
OMEGA.2022-02-01T04:49:46.161.fits,1,1,0.006684
OMEGA.2022-02-01T04:49:46.161.fits,2,2,0.006662
OMEGA.2022-02-01T04:49:46.161.fits,3,6,0.006645
OMEGA.2022-02-01T04:49:46.161.fits,8,7,0.006618
OMEGA.2022-02-01T04:49:46.161.fits,22,3,0.006575
OMEGA.2022-02-01T04:49:46.161.fits,23,4,0.006553
OMEGA.2022-02-01T04:49:46.161.fits,24,5,0.006532
OMEGA.2022-02-01T04:55:50.652.fits,5,2,0.004708
OMEGA.2022-02-01T04:55:50.652.fits,6,3,0.004708
OMEGA.2022-02-01T04:55:50.652.fits,7,4,0.004708
OMEGA.2022-02-01T04:55:50.652.fits,8,5,0.004709
OMEGA.2022-02-01T04:55:50.652.fits,22,1,0.004709
OMEGA.2022-02-01T05:01:55.283.fits,13,1,0.005176
OMEGA.2022-02-01T05:01:55.283.fits,14,2,0.005176
OMEGA.2022-02-01T05:01:55.283.fits,15,3,0.005176
OMEGA.2022-02-01T05:01:55.283.fits,16,4,0.005176
OMEGA.2022-02-01T05:01:55.283.fits,19,5,0.004709
OMEGA.2022-02-01T05:01:55.283.fits,20,6,0.004709
OMEGA.2022-02-01T05:01:55.283.fits,29,7,0.005177
OMEGA.2022-02-01T05:01:55.283.fits,30,8,0.005176
OMEGA.2022-02-01T05:01:55.283.fits,31,9,0.005176
OMEGA.2022-02-01T05:13:01.785.fits,13,1,0.1107
OMEGA.2022-02-01T05:25:11.016.fits,2,1,0.007238
OMEGA.2022-02-01T05:25:11.016.fits,3,5,0.007271
OMEGA.2022-02-01T05:25:11.016.fits,3,6,0.007271
OMEGA.2022-02-01T05:25:11.016.fits,4,9,0.007303
OMEGA.2022-02-01T05:25:11.016.fits,22,2,0.00737
OMEGA.2022-02-01T05:25:11.016.fits,23,3,0.007403
OMEGA.2022-02-01T05:25:11.016.fits,24,4,0.007426
OMEGA.2022-02-01T06:00:41.483.fits,13,1,0.04219
OMEGA.2022-02-01T06:00:41.483.fits,15,2,0.04219
OMEGA.2022-02-01T06:00:41.483.fits,29,4,0.0422
OMEGA.2022-02-01T06:00:41.483.fits,30,5,0.0422
OMEGA.2022-02-01T06:00:41.483.fits,32,6,0.0422
OMEGA.2022-02-01T06:12:50.875.fits,3,6,0.008503
OMEGA.2022-02-01T06:12:50.875.fits,4,8,0.008531
OMEGA.2022-02-01T06:12:50.875.fits,5,9,0.008421
OMEGA.2022-02-01T06:12:50.875.fits,6,10,0.008453
OMEGA.2022-02-01T06:12:50.875.fits,17,1,0.008569
OMEGA.2022-02-01T06:12:50.875.fits,18,2,0.008606
OMEGA.2022-02-01T06:12:50.875.fits,19,3,0.008643
OMEGA.2022-02-01T06:12:50.875.fits,20,4,0.008681
OMEGA.2022-02-01T06:24:52.127.fits,2,1,0.003922
OMEGA.2022-02-01T07:16:00.635.fits,2,1,0.004864
OMEGA.2022-02-01T07:16:00.635.fits,3,8,0.004864
OMEGA.2022-02-01T07:16:00.635.fits,4,10,0.004864
OMEGA.2022-02-01T07:16:00.635.fits,20,2,0.1011
OMEGA.2022-02-01T07:16:00.635.fits,23,3,0.1009
OMEGA.2022-02-01T07:16:00.635.fits,24,4,0.101
OMEGA.2022-02-01T07:16:00.635.fits,26,5,0.1006
OMEGA.2022-02-01T07:16:00.635.fits,27,6,0.1008
OMEGA.2022-02-01T07:16:00.635.fits,29,7,0.1004
OMEGA.2022-02-01T07:16:00.635.fits,30,9,0.1005
